[
  {
    "id": "3fca7339-ddab-4c16-b020-ccad11c37aef",
    "name": "Morning",
    "startTime": "09:00",
    "endTime": "17:00",
    "breakDuration": 60,
    "color": "#3B82F6",
    "isActive": true,
    "createdAt": "2025-10-16T10:43:06.326Z",
    "updatedAt": "2025-10-16T10:43:06.326Z"
  },
  {
    "id": "2792cd67-5e6b-4bb9-b182-4e240d61ca3d",
    "name": "Evening",
    "startTime": "17:00",
    "endTime": "01:00",
    "breakDuration": 45,
    "color": "#8B5CF6",
    "isActive": true,
    "createdAt": "2025-10-16T10:43:06.326Z",
    "updatedAt": "2025-10-16T10:43:06.326Z"
  },
  {
    "id": "a864b225-372a-4e3a-b64b-1b51b4c2584f",
    "name": "Night",
    "startTime": "01:00",
    "endTime": "09:00",
    "breakDuration": 45,
    "color": "#1F2937",
    "isActive": true,
    "createdAt": "2025-10-16T10:43:06.326Z",
    "updatedAt": "2025-10-16T10:43:06.326Z"
  },
  {
    "id": "12d957f7-c091-4f89-a2e2-19261e1e83ba",
    "name": "Morning",
    "startTime": "09:00",
    "endTime": "17:00",
    "breakDuration": 60,
    "color": "#3B82F6",
    "isActive": true,
    "createdAt": "2025-10-16T10:43:51.211Z",
    "updatedAt": "2025-10-16T10:43:51.211Z"
  },
  {
    "id": "015764e2-a476-40e3-bffa-839184ae75bf",
    "name": "Evening",
    "startTime": "17:00",
    "endTime": "01:00",
    "breakDuration": 45,
    "color": "#8B5CF6",
    "isActive": true,
    "createdAt": "2025-10-16T10:43:51.211Z",
    "updatedAt": "2025-10-16T10:43:51.211Z"
  },
  {
    "id": "4f60c3da-f5a7-4397-86c3-e8263c886a8a",
    "name": "Night",
    "startTime": "01:00",
    "endTime": "09:00",
    "breakDuration": 45,
    "color": "#1F2937",
    "isActive": true,
    "createdAt": "2025-10-16T10:43:51.211Z",
    "updatedAt": "2025-10-16T10:43:51.211Z"
  },
  {
    "id": "22e08938-b169-47fd-bc25-649252ddd52f",
    "name": "Morning",
    "startTime": "09:00",
    "endTime": "17:00",
    "breakDuration": 60,
    "color": "#3B82F6",
    "isActive": true,
    "createdAt": "2025-10-16T10:43:55.620Z",
    "updatedAt": "2025-10-16T10:43:55.620Z"
  },
  {
    "id": "f960214d-d052-41b7-b96d-4af235721994",
    "name": "Evening",
    "startTime": "17:00",
    "endTime": "01:00",
    "breakDuration": 45,
    "color": "#8B5CF6",
    "isActive": true,
    "createdAt": "2025-10-16T10:43:55.620Z",
    "updatedAt": "2025-10-16T10:43:55.620Z"
  },
  {
    "id": "d66cc015-d106-4871-8dec-384159c46cc7",
    "name": "Night",
    "startTime": "01:00",
    "endTime": "09:00",
    "breakDuration": 45,
    "color": "#1F2937",
    "isActive": true,
    "createdAt": "2025-10-16T10:43:55.620Z",
    "updatedAt": "2025-10-16T10:43:55.620Z"
  },
  {
    "id": "d31889c8-68eb-4599-bd95-236d996bea66",
    "name": "Morning",
    "startTime": "09:00",
    "endTime": "17:00",
    "breakDuration": 60,
    "color": "#3B82F6",
    "isActive": true,
    "createdAt": "2025-10-16T10:44:18.748Z",
    "updatedAt": "2025-10-16T10:44:18.748Z"
  },
  {
    "id": "3a0e090d-89b3-438f-bbc4-4d5ca88e76c5",
    "name": "Evening",
    "startTime": "17:00",
    "endTime": "01:00",
    "breakDuration": 45,
    "color": "#8B5CF6",
    "isActive": true,
    "createdAt": "2025-10-16T10:44:18.748Z",
    "updatedAt": "2025-10-16T10:44:18.748Z"
  },
  {
    "id": "924f4b41-9251-4c5e-a299-6bb912b7e208",
    "name": "Night",
    "startTime": "01:00",
    "endTime": "09:00",
    "breakDuration": 45,
    "color": "#1F2937",
    "isActive": true,
    "createdAt": "2025-10-16T10:44:18.748Z",
    "updatedAt": "2025-10-16T10:44:18.748Z"
  },
  {
    "id": "f655ac4f-99bf-4058-919e-9eb081a85bf5",
    "name": "Morning",
    "startTime": "09:00",
    "endTime": "17:00",
    "breakDuration": 60,
    "color": "#3B82F6",
    "isActive": true,
    "createdAt": "2025-10-16T10:47:23.848Z",
    "updatedAt": "2025-10-16T10:47:23.848Z"
  },
  {
    "id": "ac4a6c70-ff30-4544-8861-c95b083454ab",
    "name": "Evening",
    "startTime": "17:00",
    "endTime": "01:00",
    "breakDuration": 45,
    "color": "#8B5CF6",
    "isActive": true,
    "createdAt": "2025-10-16T10:47:23.848Z",
    "updatedAt": "2025-10-16T10:47:23.848Z"
  },
  {
    "id": "d1ff0ad8-bc4e-4b53-a462-115609bcd6dc",
    "name": "Night",
    "startTime": "01:00",
    "endTime": "09:00",
    "breakDuration": 45,
    "color": "#1F2937",
    "isActive": true,
    "createdAt": "2025-10-16T10:47:23.849Z",
    "updatedAt": "2025-10-16T10:47:23.849Z"
  },
  {
    "id": "f5a19c21-54dd-46e5-a6c4-af84f0c289f2",
    "name": "Morning",
    "startTime": "09:00",
    "endTime": "17:00",
    "breakDuration": 60,
    "color": "#3B82F6",
    "isActive": true,
    "createdAt": "2025-10-16T10:49:07.099Z",
    "updatedAt": "2025-10-16T10:49:07.099Z"
  },
  {
    "id": "b2bb1627-13e4-427b-9580-7361195d3a9b",
    "name": "Evening",
    "startTime": "17:00",
    "endTime": "01:00",
    "breakDuration": 45,
    "color": "#8B5CF6",
    "isActive": true,
    "createdAt": "2025-10-16T10:49:07.099Z",
    "updatedAt": "2025-10-16T10:49:07.099Z"
  },
  {
    "id": "2ba8c6ff-e5c9-4fa3-ac5f-7878dfaf8eee",
    "name": "Night",
    "startTime": "01:00",
    "endTime": "09:00",
    "breakDuration": 45,
    "color": "#1F2937",
    "isActive": true,
    "createdAt": "2025-10-16T10:49:07.101Z",
    "updatedAt": "2025-10-16T10:49:07.101Z"
  },
  {
    "id": "28c18830-e82c-4bc4-abdb-66bf113abdfd",
    "name": "Morning",
    "startTime": "09:00",
    "endTime": "17:00",
    "breakDuration": 60,
    "color": "#3B82F6",
    "isActive": true,
    "createdAt": "2025-10-16T10:53:13.093Z",
    "updatedAt": "2025-10-16T10:53:13.093Z"
  },
  {
    "id": "f0acc943-5169-41b4-9467-7b8bad1a9ae9",
    "name": "Evening",
    "startTime": "17:00",
    "endTime": "01:00",
    "breakDuration": 45,
    "color": "#8B5CF6",
    "isActive": true,
    "createdAt": "2025-10-16T10:53:13.093Z",
    "updatedAt": "2025-10-16T10:53:13.093Z"
  },
  {
    "id": "d6984fe8-124c-42ca-aaa8-ebf179420654",
    "name": "Night",
    "startTime": "01:00",
    "endTime": "09:00",
    "breakDuration": 45,
    "color": "#1F2937",
    "isActive": true,
    "createdAt": "2025-10-16T10:53:13.093Z",
    "updatedAt": "2025-10-16T10:53:13.093Z"
  },
  {
    "id": "108806c2-d2fa-4499-ac4d-1be751b141d6",
    "name": "Morning",
    "startTime": "09:00",
    "endTime": "17:00",
    "breakDuration": 60,
    "color": "#3B82F6",
    "isActive": true,
    "createdAt": "2025-10-16T10:58:25.261Z",
    "updatedAt": "2025-10-16T10:58:25.261Z"
  },
  {
    "id": "0f2f6983-de73-40f4-b1ae-c6875f81234b",
    "name": "Evening",
    "startTime": "17:00",
    "endTime": "01:00",
    "breakDuration": 45,
    "color": "#8B5CF6",
    "isActive": true,
    "createdAt": "2025-10-16T10:58:25.261Z",
    "updatedAt": "2025-10-16T10:58:25.261Z"
  },
  {
    "id": "e3c94602-8975-4577-8888-03c3f8c719a5",
    "name": "Night",
    "startTime": "01:00",
    "endTime": "09:00",
    "breakDuration": 45,
    "color": "#1F2937",
    "isActive": true,
    "createdAt": "2025-10-16T10:58:25.261Z",
    "updatedAt": "2025-10-16T10:58:25.261Z"
  },
  {
    "id": "1a3f0b69-01d5-4722-bf98-ce4d8cb282d7",
    "name": "Morning",
    "startTime": "09:00",
    "endTime": "17:00",
    "breakDuration": 60,
    "color": "#3B82F6",
    "isActive": true,
    "createdAt": "2025-10-16T11:34:04.405Z",
    "updatedAt": "2025-10-16T11:34:04.405Z"
  },
  {
    "id": "9fae88c5-07dc-4411-abc8-e21e275c4f2a",
    "name": "Evening",
    "startTime": "17:00",
    "endTime": "01:00",
    "breakDuration": 45,
    "color": "#8B5CF6",
    "isActive": true,
    "createdAt": "2025-10-16T11:34:04.406Z",
    "updatedAt": "2025-10-16T11:34:04.406Z"
  },
  {
    "id": "eb3cc70a-61db-4c22-a956-d8bac604012c",
    "name": "Night",
    "startTime": "01:00",
    "endTime": "09:00",
    "breakDuration": 45,
    "color": "#1F2937",
    "isActive": true,
    "createdAt": "2025-10-16T11:34:04.413Z",
    "updatedAt": "2025-10-16T11:34:04.413Z"
  },
  {
    "id": "7818bfdd-d251-42b4-836c-b8bb40666080",
    "name": "Morning",
    "startTime": "09:00",
    "endTime": "17:00",
    "breakDuration": 60,
    "color": "#3B82F6",
    "isActive": true,
    "createdAt": "2025-10-16T11:34:23.943Z",
    "updatedAt": "2025-10-16T11:34:23.943Z"
  },
  {
    "id": "76526f04-94fa-4818-9921-e9f8df2071a7",
    "name": "Evening",
    "startTime": "17:00",
    "endTime": "01:00",
    "breakDuration": 45,
    "color": "#8B5CF6",
    "isActive": true,
    "createdAt": "2025-10-16T11:34:23.943Z",
    "updatedAt": "2025-10-16T11:34:23.943Z"
  },
  {
    "id": "eaf9af79-cbe0-4f13-83e3-cae3b37bfa77",
    "name": "Night",
    "startTime": "01:00",
    "endTime": "09:00",
    "breakDuration": 45,
    "color": "#1F2937",
    "isActive": true,
    "createdAt": "2025-10-16T11:34:23.943Z",
    "updatedAt": "2025-10-16T11:34:23.943Z"
  },
  {
    "id": "cd5f5c11-81d0-40cc-a1dc-b743339a3eda",
    "name": "Morning",
    "startTime": "09:00",
    "endTime": "17:00",
    "breakDuration": 60,
    "color": "#3B82F6",
    "isActive": true,
    "createdAt": "2025-10-16T11:37:34.979Z",
    "updatedAt": "2025-10-16T11:37:34.979Z"
  },
  {
    "id": "0d080865-3dbd-4e76-b819-d38f4d433d08",
    "name": "Evening",
    "startTime": "17:00",
    "endTime": "01:00",
    "breakDuration": 45,
    "color": "#8B5CF6",
    "isActive": true,
    "createdAt": "2025-10-16T11:37:34.980Z",
    "updatedAt": "2025-10-16T11:37:34.980Z"
  },
  {
    "id": "ab4c766d-85d8-4c90-a41d-69a15239ac70",
    "name": "Night",
    "startTime": "01:00",
    "endTime": "09:00",
    "breakDuration": 45,
    "color": "#1F2937",
    "isActive": true,
    "createdAt": "2025-10-16T11:37:34.983Z",
    "updatedAt": "2025-10-16T11:37:34.983Z"
  },
  {
    "id": "99f3c8fa-fe1b-4864-8354-6d27748259da",
    "name": "Morning",
    "startTime": "09:00",
    "endTime": "17:00",
    "breakDuration": 60,
    "color": "#3B82F6",
    "isActive": true,
    "createdAt": "2025-10-16T11:37:42.306Z",
    "updatedAt": "2025-10-16T11:37:42.306Z"
  },
  {
    "id": "8fd85b1a-8246-4640-ba65-17288881dcbe",
    "name": "Evening",
    "startTime": "17:00",
    "endTime": "01:00",
    "breakDuration": 45,
    "color": "#8B5CF6",
    "isActive": true,
    "createdAt": "2025-10-16T11:37:42.309Z",
    "updatedAt": "2025-10-16T11:37:42.309Z"
  },
  {
    "id": "cc00dc3d-a9fe-4055-9aeb-345d3bec7122",
    "name": "Night",
    "startTime": "01:00",
    "endTime": "09:00",
    "breakDuration": 45,
    "color": "#1F2937",
    "isActive": true,
    "createdAt": "2025-10-16T11:37:42.310Z",
    "updatedAt": "2025-10-16T11:37:42.310Z"
  },
  {
    "id": "14b3b8bc-2775-4ef1-9973-dd96efb97233",
    "name": "Morning",
    "startTime": "09:00",
    "endTime": "17:00",
    "breakDuration": 60,
    "color": "#3B82F6",
    "isActive": true,
    "createdAt": "2025-10-16T11:40:59.851Z",
    "updatedAt": "2025-10-16T11:40:59.851Z"
  },
  {
    "id": "f703b075-3ddd-4d17-9d4f-6f647c602d3d",
    "name": "Evening",
    "startTime": "17:00",
    "endTime": "01:00",
    "breakDuration": 45,
    "color": "#8B5CF6",
    "isActive": true,
    "createdAt": "2025-10-16T11:40:59.851Z",
    "updatedAt": "2025-10-16T11:40:59.851Z"
  },
  {
    "id": "ae0433cf-1568-4895-a3e7-a5f48920a3c4",
    "name": "Night",
    "startTime": "01:00",
    "endTime": "09:00",
    "breakDuration": 45,
    "color": "#1F2937",
    "isActive": true,
    "createdAt": "2025-10-16T11:40:59.852Z",
    "updatedAt": "2025-10-16T11:40:59.852Z"
  },
  {
    "id": "54831206-47c9-457c-b0f9-0f0f899d5933",
    "name": "Morning",
    "startTime": "09:00",
    "endTime": "17:00",
    "breakDuration": 60,
    "color": "#3B82F6",
    "isActive": true,
    "createdAt": "2025-10-16T11:42:46.515Z",
    "updatedAt": "2025-10-16T11:42:46.515Z"
  },
  {
    "id": "7e36d425-f2c5-4a70-99f4-017ad1c4495f",
    "name": "Evening",
    "startTime": "17:00",
    "endTime": "01:00",
    "breakDuration": 45,
    "color": "#8B5CF6",
    "isActive": true,
    "createdAt": "2025-10-16T11:42:46.516Z",
    "updatedAt": "2025-10-16T11:42:46.516Z"
  },
  {
    "id": "33a9aef3-2a6f-4c3a-8adb-2a5b52607c07",
    "name": "Night",
    "startTime": "01:00",
    "endTime": "09:00",
    "breakDuration": 45,
    "color": "#1F2937",
    "isActive": true,
    "createdAt": "2025-10-16T11:42:46.519Z",
    "updatedAt": "2025-10-16T11:42:46.519Z"
  },
  {
    "id": "0790730e-a749-49b6-b32e-67157f77ce13",
    "name": "Morning",
    "startTime": "09:00",
    "endTime": "17:00",
    "breakDuration": 60,
    "color": "#3B82F6",
    "isActive": true,
    "createdAt": "2025-10-17T07:29:07.029Z",
    "updatedAt": "2025-10-17T07:29:07.029Z"
  },
  {
    "id": "4ae664e8-8c03-47ad-8dd0-b30b6f498d1c",
    "name": "Evening",
    "startTime": "17:00",
    "endTime": "01:00",
    "breakDuration": 45,
    "color": "#8B5CF6",
    "isActive": true,
    "createdAt": "2025-10-17T07:29:07.035Z",
    "updatedAt": "2025-10-17T07:29:07.036Z"
  },
  {
    "id": "55e50f1d-16d8-45db-ab71-31fad05abdcf",
    "name": "Night",
    "startTime": "01:00",
    "endTime": "09:00",
    "breakDuration": 45,
    "color": "#1F2937",
    "isActive": true,
    "createdAt": "2025-10-17T07:29:07.044Z",
    "updatedAt": "2025-10-17T07:29:07.044Z"
  },
  {
    "id": "71b286b5-38c7-4a8e-8ab8-7b426bf920a1",
    "name": "Morning",
    "startTime": "09:00",
    "endTime": "17:00",
    "breakDuration": 60,
    "color": "#3B82F6",
    "isActive": true,
    "createdAt": "2025-10-17T07:29:12.606Z",
    "updatedAt": "2025-10-17T07:29:12.606Z"
  },
  {
    "id": "230c7230-c26a-4e5e-b7c7-8e6ce149b1cd",
    "name": "Evening",
    "startTime": "17:00",
    "endTime": "01:00",
    "breakDuration": 45,
    "color": "#8B5CF6",
    "isActive": true,
    "createdAt": "2025-10-17T07:29:12.606Z",
    "updatedAt": "2025-10-17T07:29:12.606Z"
  },
  {
    "id": "a6a98759-d977-4778-9eae-93fe662793f6",
    "name": "Night",
    "startTime": "01:00",
    "endTime": "09:00",
    "breakDuration": 45,
    "color": "#1F2937",
    "isActive": true,
    "createdAt": "2025-10-17T07:29:12.606Z",
    "updatedAt": "2025-10-17T07:29:12.606Z"
  },
  {
    "id": "989553c4-dfb1-4e7b-bc53-b9d3bea6b58f",
    "name": "Morning",
    "startTime": "09:00",
    "endTime": "17:00",
    "breakDuration": 60,
    "color": "#3B82F6",
    "isActive": true,
    "createdAt": "2025-10-17T07:45:22.178Z",
    "updatedAt": "2025-10-17T07:45:22.178Z"
  },
  {
    "id": "a1d18cbf-30f0-48db-9f15-6a07a4576c9f",
    "name": "Evening",
    "startTime": "17:00",
    "endTime": "01:00",
    "breakDuration": 45,
    "color": "#8B5CF6",
    "isActive": true,
    "createdAt": "2025-10-17T07:45:22.179Z",
    "updatedAt": "2025-10-17T07:45:22.179Z"
  },
  {
    "id": "cdcf7c5f-5823-4ebb-8df7-4eb761d02690",
    "name": "Night",
    "startTime": "01:00",
    "endTime": "09:00",
    "breakDuration": 45,
    "color": "#1F2937",
    "isActive": true,
    "createdAt": "2025-10-17T07:45:22.179Z",
    "updatedAt": "2025-10-17T07:45:22.179Z"
  },
  {
    "id": "66ceeb6e-592e-42db-bdd0-d93d2000f823",
    "name": "Morning",
    "startTime": "09:00",
    "endTime": "17:00",
    "breakDuration": 60,
    "color": "#3B82F6",
    "isActive": true,
    "createdAt": "2025-10-17T08:04:22.885Z",
    "updatedAt": "2025-10-17T08:04:22.885Z"
  },
  {
    "id": "325a205d-ea1a-4827-9896-ee8aa50a3adb",
    "name": "Evening",
    "startTime": "17:00",
    "endTime": "01:00",
    "breakDuration": 45,
    "color": "#8B5CF6",
    "isActive": true,
    "createdAt": "2025-10-17T08:04:22.885Z",
    "updatedAt": "2025-10-17T08:04:22.885Z"
  },
  {
    "id": "1c328b5e-507f-4cf7-a51f-9194d6eb3b8f",
    "name": "Night",
    "startTime": "01:00",
    "endTime": "09:00",
    "breakDuration": 45,
    "color": "#1F2937",
    "isActive": true,
    "createdAt": "2025-10-17T08:04:22.886Z",
    "updatedAt": "2025-10-17T08:04:22.886Z"
  },
  {
    "id": "e68abb0f-e438-4bf0-80bf-2ad55cf3e08f",
    "name": "Morning",
    "startTime": "09:00",
    "endTime": "17:00",
    "breakDuration": 60,
    "color": "#3B82F6",
    "isActive": true,
    "createdAt": "2025-10-17T08:35:46.146Z",
    "updatedAt": "2025-10-17T08:35:46.146Z"
  },
  {
    "id": "e58aa1a5-0b5d-4dc3-884e-b6875a90e10f",
    "name": "Evening",
    "startTime": "17:00",
    "endTime": "01:00",
    "breakDuration": 45,
    "color": "#8B5CF6",
    "isActive": true,
    "createdAt": "2025-10-17T08:35:46.147Z",
    "updatedAt": "2025-10-17T08:35:46.147Z"
  },
  {
    "id": "04e13fa5-92e3-4f4f-996d-ece52f4ad8b0",
    "name": "Night",
    "startTime": "01:00",
    "endTime": "09:00",
    "breakDuration": 45,
    "color": "#1F2937",
    "isActive": true,
    "createdAt": "2025-10-17T08:35:46.147Z",
    "updatedAt": "2025-10-17T08:35:46.147Z"
  },
  {
    "id": "a2924d50-7031-4ae8-ae8e-e7b7b0bfc9a1",
    "name": "Morning",
    "startTime": "09:00",
    "endTime": "17:00",
    "breakDuration": 60,
    "color": "#3B82F6",
    "isActive": true,
    "createdAt": "2025-10-17T09:20:15.730Z",
    "updatedAt": "2025-10-17T09:20:15.730Z"
  },
  {
    "id": "c23d8374-0554-414d-8e5d-6eab2cf6ccd1",
    "name": "Evening",
    "startTime": "17:00",
    "endTime": "01:00",
    "breakDuration": 45,
    "color": "#8B5CF6",
    "isActive": true,
    "createdAt": "2025-10-17T09:20:15.730Z",
    "updatedAt": "2025-10-17T09:20:15.730Z"
  },
  {
    "id": "4d0f41d3-0cc1-44bc-8fb9-9432a3b7555f",
    "name": "Night",
    "startTime": "01:00",
    "endTime": "09:00",
    "breakDuration": 45,
    "color": "#1F2937",
    "isActive": true,
    "createdAt": "2025-10-17T09:20:15.731Z",
    "updatedAt": "2025-10-17T09:20:15.731Z"
  },
  {
    "id": "f5e5263e-a879-4c48-8a0d-35ddfdfc9f19",
    "name": "Morning",
    "startTime": "09:00",
    "endTime": "17:00",
    "breakDuration": 60,
    "color": "#3B82F6",
    "isActive": true,
    "createdAt": "2025-10-17T09:42:09.881Z",
    "updatedAt": "2025-10-17T09:42:09.881Z"
  },
  {
    "id": "d554fb20-6015-462b-8cd0-51402206099d",
    "name": "Evening",
    "startTime": "17:00",
    "endTime": "01:00",
    "breakDuration": 45,
    "color": "#8B5CF6",
    "isActive": true,
    "createdAt": "2025-10-17T09:42:09.881Z",
    "updatedAt": "2025-10-17T09:42:09.881Z"
  },
  {
    "id": "38f2d758-3908-4ad9-9d8e-b1d1e35b4282",
    "name": "Night",
    "startTime": "01:00",
    "endTime": "09:00",
    "breakDuration": 45,
    "color": "#1F2937",
    "isActive": true,
    "createdAt": "2025-10-17T09:42:09.881Z",
    "updatedAt": "2025-10-17T09:42:09.881Z"
  },
  {
    "id": "d7202af4-e744-4d1c-9025-c22ffca6f2df",
    "name": "Morning",
    "startTime": "09:00",
    "endTime": "17:00",
    "breakDuration": 60,
    "color": "#3B82F6",
    "isActive": true,
    "createdAt": "2025-10-17T10:28:59.149Z",
    "updatedAt": "2025-10-17T10:28:59.149Z"
  },
  {
    "id": "0da4eedc-fedb-4bda-aaac-68e429d4bed1",
    "name": "Evening",
    "startTime": "17:00",
    "endTime": "01:00",
    "breakDuration": 45,
    "color": "#8B5CF6",
    "isActive": true,
    "createdAt": "2025-10-17T10:28:59.149Z",
    "updatedAt": "2025-10-17T10:28:59.149Z"
  },
  {
    "id": "8b515562-45d4-4457-ac14-3b402d822560",
    "name": "Night",
    "startTime": "01:00",
    "endTime": "09:00",
    "breakDuration": 45,
    "color": "#1F2937",
    "isActive": true,
    "createdAt": "2025-10-17T10:28:59.149Z",
    "updatedAt": "2025-10-17T10:28:59.149Z"
  },
  {
    "id": "8f147d7a-c6a6-4afc-b578-6e84dcec8d96",
    "name": "Morning",
    "startTime": "09:00",
    "endTime": "17:00",
    "breakDuration": 60,
    "color": "#3B82F6",
    "isActive": true,
    "createdAt": "2025-10-17T10:37:31.912Z",
    "updatedAt": "2025-10-17T10:37:31.912Z"
  },
  {
    "id": "9e03f927-9952-4e1a-a472-94165ffeed36",
    "name": "Evening",
    "startTime": "17:00",
    "endTime": "01:00",
    "breakDuration": 45,
    "color": "#8B5CF6",
    "isActive": true,
    "createdAt": "2025-10-17T10:37:31.912Z",
    "updatedAt": "2025-10-17T10:37:31.912Z"
  },
  {
    "id": "39d91ea1-b9be-4b82-a065-c0860414c8f4",
    "name": "Night",
    "startTime": "01:00",
    "endTime": "09:00",
    "breakDuration": 45,
    "color": "#1F2937",
    "isActive": true,
    "createdAt": "2025-10-17T10:37:31.912Z",
    "updatedAt": "2025-10-17T10:37:31.912Z"
  },
  {
    "id": "8759ca5d-f2b3-4ce7-98dd-9928896a4ca8",
    "name": "Morning",
    "startTime": "09:00",
    "endTime": "17:00",
    "breakDuration": 60,
    "color": "#3B82F6",
    "isActive": true,
    "createdAt": "2025-10-17T10:41:18.637Z",
    "updatedAt": "2025-10-17T10:41:18.637Z"
  },
  {
    "id": "b9cab6ec-69b4-4429-a3b0-f957a77997b7",
    "name": "Evening",
    "startTime": "17:00",
    "endTime": "01:00",
    "breakDuration": 45,
    "color": "#8B5CF6",
    "isActive": true,
    "createdAt": "2025-10-17T10:41:18.638Z",
    "updatedAt": "2025-10-17T10:41:18.638Z"
  },
  {
    "id": "d29fe8ff-1e37-4d1e-8b1a-12cdb95a30fe",
    "name": "Night",
    "startTime": "01:00",
    "endTime": "09:00",
    "breakDuration": 45,
    "color": "#1F2937",
    "isActive": true,
    "createdAt": "2025-10-17T10:41:18.638Z",
    "updatedAt": "2025-10-17T10:41:18.638Z"
  },
  {
    "id": "8a4daf41-dd48-4821-a822-66330b2d48d4",
    "name": "Morning",
    "startTime": "09:00",
    "endTime": "17:00",
    "breakDuration": 60,
    "color": "#3B82F6",
    "isActive": true,
    "createdAt": "2025-10-17T12:40:24.611Z",
    "updatedAt": "2025-10-17T12:40:24.611Z"
  },
  {
    "id": "f4ab9251-c020-4f65-8a21-0efbc887c52f",
    "name": "Evening",
    "startTime": "17:00",
    "endTime": "01:00",
    "breakDuration": 45,
    "color": "#8B5CF6",
    "isActive": true,
    "createdAt": "2025-10-17T12:40:24.611Z",
    "updatedAt": "2025-10-17T12:40:24.611Z"
  },
  {
    "id": "7d052cb1-9f9b-4af5-a2a9-bc3c463d1eca",
    "name": "Night",
    "startTime": "01:00",
    "endTime": "09:00",
    "breakDuration": 45,
    "color": "#1F2937",
    "isActive": true,
    "createdAt": "2025-10-17T12:40:24.612Z",
    "updatedAt": "2025-10-17T12:40:24.612Z"
  },
  {
    "id": "a0b0c4bf-83f2-4156-9a81-5e1db1137cd4",
    "name": "Morning",
    "startTime": "09:00",
    "endTime": "17:00",
    "breakDuration": 60,
    "color": "#3B82F6",
    "isActive": true,
    "createdAt": "2025-10-17T12:42:03.374Z",
    "updatedAt": "2025-10-17T12:42:03.374Z"
  },
  {
    "id": "aaad7517-3f9b-4eef-b195-921092d2bb0e",
    "name": "Evening",
    "startTime": "17:00",
    "endTime": "01:00",
    "breakDuration": 45,
    "color": "#8B5CF6",
    "isActive": true,
    "createdAt": "2025-10-17T12:42:03.374Z",
    "updatedAt": "2025-10-17T12:42:03.374Z"
  },
  {
    "id": "7a181997-112d-4574-9a30-023d06fe1953",
    "name": "Night",
    "startTime": "01:00",
    "endTime": "09:00",
    "breakDuration": 45,
    "color": "#1F2937",
    "isActive": true,
    "createdAt": "2025-10-17T12:42:03.375Z",
    "updatedAt": "2025-10-17T12:42:03.375Z"
  },
  {
    "id": "94d7f76e-ff7e-4895-8473-1f4f329544b0",
    "name": "Morning",
    "startTime": "09:00",
    "endTime": "17:00",
    "breakDuration": 60,
    "color": "#3B82F6",
    "isActive": true,
    "createdAt": "2025-10-17T12:42:18.222Z",
    "updatedAt": "2025-10-17T12:42:18.222Z"
  },
  {
    "id": "101f4e06-c444-405f-8014-2b377917d775",
    "name": "Evening",
    "startTime": "17:00",
    "endTime": "01:00",
    "breakDuration": 45,
    "color": "#8B5CF6",
    "isActive": true,
    "createdAt": "2025-10-17T12:42:18.222Z",
    "updatedAt": "2025-10-17T12:42:18.222Z"
  },
  {
    "id": "d317246d-5f5f-43e3-92e7-929059cd42cb",
    "name": "Night",
    "startTime": "01:00",
    "endTime": "09:00",
    "breakDuration": 45,
    "color": "#1F2937",
    "isActive": true,
    "createdAt": "2025-10-17T12:42:18.223Z",
    "updatedAt": "2025-10-17T12:42:18.223Z"
  },
  {
    "id": "6f02ca10-d873-4f66-b7b2-d3e8d7a3941c",
    "name": "Morning",
    "startTime": "09:00",
    "endTime": "17:00",
    "breakDuration": 60,
    "color": "#3B82F6",
    "isActive": true,
    "createdAt": "2025-10-17T12:43:31.159Z",
    "updatedAt": "2025-10-17T12:43:31.159Z"
  },
  {
    "id": "88e0d0b8-77f8-4667-926a-6fb5a1b7d1e7",
    "name": "Evening",
    "startTime": "17:00",
    "endTime": "01:00",
    "breakDuration": 45,
    "color": "#8B5CF6",
    "isActive": true,
    "createdAt": "2025-10-17T12:43:31.159Z",
    "updatedAt": "2025-10-17T12:43:31.159Z"
  },
  {
    "id": "1e33d2d3-8ba0-4d49-87b2-9934b6e19448",
    "name": "Night",
    "startTime": "01:00",
    "endTime": "09:00",
    "breakDuration": 45,
    "color": "#1F2937",
    "isActive": true,
    "createdAt": "2025-10-17T12:43:31.159Z",
    "updatedAt": "2025-10-17T12:43:31.159Z"
  },
  {
    "id": "94c393e0-1b97-40c7-bb8a-124aa92b9008",
    "name": "Morning",
    "startTime": "09:00",
    "endTime": "17:00",
    "breakDuration": 60,
    "color": "#3B82F6",
    "isActive": true,
    "createdAt": "2025-10-17T12:45:18.803Z",
    "updatedAt": "2025-10-17T12:45:18.803Z"
  },
  {
    "id": "47a77167-09ac-4d92-8c2d-8ef15b6c67ce",
    "name": "Evening",
    "startTime": "17:00",
    "endTime": "01:00",
    "breakDuration": 45,
    "color": "#8B5CF6",
    "isActive": true,
    "createdAt": "2025-10-17T12:45:18.803Z",
    "updatedAt": "2025-10-17T12:45:18.803Z"
  },
  {
    "id": "57dbb106-32d2-416a-a0eb-dff7d3af41c5",
    "name": "Night",
    "startTime": "01:00",
    "endTime": "09:00",
    "breakDuration": 45,
    "color": "#1F2937",
    "isActive": true,
    "createdAt": "2025-10-17T12:45:18.803Z",
    "updatedAt": "2025-10-17T12:45:18.803Z"
  },
  {
    "id": "4ebcd5f3-a431-4c59-bcdb-6e1ff9e5e3d8",
    "name": "Morning",
    "startTime": "09:00",
    "endTime": "17:00",
    "breakDuration": 60,
    "color": "#3B82F6",
    "isActive": true,
    "createdAt": "2025-10-17T12:45:59.394Z",
    "updatedAt": "2025-10-17T12:45:59.394Z"
  },
  {
    "id": "9b964118-7b53-4820-8bd7-469563626252",
    "name": "Evening",
    "startTime": "17:00",
    "endTime": "01:00",
    "breakDuration": 45,
    "color": "#8B5CF6",
    "isActive": true,
    "createdAt": "2025-10-17T12:45:59.394Z",
    "updatedAt": "2025-10-17T12:45:59.394Z"
  },
  {
    "id": "25bc2090-9eee-47e3-9b8f-847e48e5e37c",
    "name": "Night",
    "startTime": "01:00",
    "endTime": "09:00",
    "breakDuration": 45,
    "color": "#1F2937",
    "isActive": true,
    "createdAt": "2025-10-17T12:45:59.395Z",
    "updatedAt": "2025-10-17T12:45:59.395Z"
  },
  {
    "id": "1a93652e-6cb4-4f05-bd50-e35d97d041ef",
    "name": "Morning",
    "startTime": "09:00",
    "endTime": "17:00",
    "breakDuration": 60,
    "color": "#3B82F6",
    "isActive": true,
    "createdAt": "2025-10-17T12:46:44.320Z",
    "updatedAt": "2025-10-17T12:46:44.320Z"
  },
  {
    "id": "6c7a2432-9c46-4ff1-a9ec-e0139288296b",
    "name": "Evening",
    "startTime": "17:00",
    "endTime": "01:00",
    "breakDuration": 45,
    "color": "#8B5CF6",
    "isActive": true,
    "createdAt": "2025-10-17T12:46:44.321Z",
    "updatedAt": "2025-10-17T12:46:44.321Z"
  },
  {
    "id": "1e3166c8-420a-48c3-8993-58a87f8c4782",
    "name": "Night",
    "startTime": "01:00",
    "endTime": "09:00",
    "breakDuration": 45,
    "color": "#1F2937",
    "isActive": true,
    "createdAt": "2025-10-17T12:46:44.321Z",
    "updatedAt": "2025-10-17T12:46:44.321Z"
  },
  {
    "id": "83c6bfeb-bc4d-48a2-9c13-49c9add3c083",
    "name": "Morning",
    "startTime": "09:00",
    "endTime": "17:00",
    "breakDuration": 60,
    "color": "#3B82F6",
    "isActive": true,
    "createdAt": "2025-10-17T12:51:06.540Z",
    "updatedAt": "2025-10-17T12:51:06.540Z"
  },
  {
    "id": "2641d825-b035-4fbe-b7dc-b6167cc8f6a0",
    "name": "Evening",
    "startTime": "17:00",
    "endTime": "01:00",
    "breakDuration": 45,
    "color": "#8B5CF6",
    "isActive": true,
    "createdAt": "2025-10-17T12:51:06.541Z",
    "updatedAt": "2025-10-17T12:51:06.541Z"
  },
  {
    "id": "87a86272-2770-43e5-8395-0bcdfac08188",
    "name": "Night",
    "startTime": "01:00",
    "endTime": "09:00",
    "breakDuration": 45,
    "color": "#1F2937",
    "isActive": true,
    "createdAt": "2025-10-17T12:51:06.541Z",
    "updatedAt": "2025-10-17T12:51:06.541Z"
  },
  {
    "id": "83783fac-4808-4e23-a774-0ab65b432357",
    "name": "Morning",
    "startTime": "09:00",
    "endTime": "17:00",
    "breakDuration": 60,
    "color": "#3B82F6",
    "isActive": true,
    "createdAt": "2025-10-17T12:52:31.750Z",
    "updatedAt": "2025-10-17T12:52:31.750Z"
  },
  {
    "id": "6105593b-2ecd-4101-b42f-0be6031defff",
    "name": "Evening",
    "startTime": "17:00",
    "endTime": "01:00",
    "breakDuration": 45,
    "color": "#8B5CF6",
    "isActive": true,
    "createdAt": "2025-10-17T12:52:31.751Z",
    "updatedAt": "2025-10-17T12:52:31.751Z"
  },
  {
    "id": "726d3d7e-bc94-4fde-a338-a2c650e8a545",
    "name": "Night",
    "startTime": "01:00",
    "endTime": "09:00",
    "breakDuration": 45,
    "color": "#1F2937",
    "isActive": true,
    "createdAt": "2025-10-17T12:52:31.753Z",
    "updatedAt": "2025-10-17T12:52:31.753Z"
  },
  {
    "id": "d00bd120-b664-46e3-a85f-86b7c5db11bf",
    "name": "Morning",
    "startTime": "09:00",
    "endTime": "17:00",
    "breakDuration": 60,
    "color": "#3B82F6",
    "isActive": true,
    "createdAt": "2025-10-17T12:55:10.343Z",
    "updatedAt": "2025-10-17T12:55:10.343Z"
  },
  {
    "id": "58938cd6-4125-43ae-b32e-a176a91023ca",
    "name": "Evening",
    "startTime": "17:00",
    "endTime": "01:00",
    "breakDuration": 45,
    "color": "#8B5CF6",
    "isActive": true,
    "createdAt": "2025-10-17T12:55:10.344Z",
    "updatedAt": "2025-10-17T12:55:10.344Z"
  },
  {
    "id": "93ebbad4-3d34-43d1-b62e-3918204489b9",
    "name": "Night",
    "startTime": "01:00",
    "endTime": "09:00",
    "breakDuration": 45,
    "color": "#1F2937",
    "isActive": true,
    "createdAt": "2025-10-17T12:55:10.344Z",
    "updatedAt": "2025-10-17T12:55:10.344Z"
  },
  {
    "id": "1a6e8141-fbb6-423e-9cc1-784a67f11a1c",
    "name": "Morning",
    "startTime": "09:00",
    "endTime": "17:00",
    "breakDuration": 60,
    "color": "#3B82F6",
    "isActive": true,
    "createdAt": "2025-10-17T12:56:02.591Z",
    "updatedAt": "2025-10-17T12:56:02.591Z"
  },
  {
    "id": "05b3758d-7f97-4da5-8ed2-d5f594134b59",
    "name": "Evening",
    "startTime": "17:00",
    "endTime": "01:00",
    "breakDuration": 45,
    "color": "#8B5CF6",
    "isActive": true,
    "createdAt": "2025-10-17T12:56:02.592Z",
    "updatedAt": "2025-10-17T12:56:02.592Z"
  },
  {
    "id": "ba0d35d1-0234-4da1-acef-c45428c0c352",
    "name": "Night",
    "startTime": "01:00",
    "endTime": "09:00",
    "breakDuration": 45,
    "color": "#1F2937",
    "isActive": true,
    "createdAt": "2025-10-17T12:56:02.592Z",
    "updatedAt": "2025-10-17T12:56:02.592Z"
  },
  {
    "id": "b502f153-c8dd-46ec-99e9-3665e1d82d4c",
    "name": "Morning",
    "startTime": "09:00",
    "endTime": "17:00",
    "breakDuration": 60,
    "color": "#3B82F6",
    "isActive": true,
    "createdAt": "2025-10-17T12:56:42.773Z",
    "updatedAt": "2025-10-17T12:56:42.773Z"
  },
  {
    "id": "e3d7e6c3-9922-4413-ad12-71c10cacd6f4",
    "name": "Evening",
    "startTime": "17:00",
    "endTime": "01:00",
    "breakDuration": 45,
    "color": "#8B5CF6",
    "isActive": true,
    "createdAt": "2025-10-17T12:56:42.774Z",
    "updatedAt": "2025-10-17T12:56:42.774Z"
  },
  {
    "id": "3da47098-4604-4775-be00-66805e084217",
    "name": "Night",
    "startTime": "01:00",
    "endTime": "09:00",
    "breakDuration": 45,
    "color": "#1F2937",
    "isActive": true,
    "createdAt": "2025-10-17T12:56:42.775Z",
    "updatedAt": "2025-10-17T12:56:42.775Z"
  },
  {
    "id": "afd97e6d-ce24-4498-8fb4-28b14586063b",
    "name": "Morning",
    "startTime": "09:00",
    "endTime": "17:00",
    "breakDuration": 60,
    "color": "#3B82F6",
    "isActive": true,
    "createdAt": "2025-10-17T12:57:13.049Z",
    "updatedAt": "2025-10-17T12:57:13.049Z"
  },
  {
    "id": "8f73e41b-ca28-4cb7-b5b6-8dfceba65c9b",
    "name": "Evening",
    "startTime": "17:00",
    "endTime": "01:00",
    "breakDuration": 45,
    "color": "#8B5CF6",
    "isActive": true,
    "createdAt": "2025-10-17T12:57:13.050Z",
    "updatedAt": "2025-10-17T12:57:13.050Z"
  },
  {
    "id": "ea9b4d46-23db-45bc-bda0-74438d6fa927",
    "name": "Night",
    "startTime": "01:00",
    "endTime": "09:00",
    "breakDuration": 45,
    "color": "#1F2937",
    "isActive": true,
    "createdAt": "2025-10-17T12:57:13.051Z",
    "updatedAt": "2025-10-17T12:57:13.051Z"
  },
  {
    "id": "cf6b04da-129a-4b06-ac52-fa31cc4594d7",
    "name": "Morning",
    "startTime": "09:00",
    "endTime": "17:00",
    "breakDuration": 60,
    "color": "#3B82F6",
    "isActive": true,
    "createdAt": "2025-10-17T12:59:32.691Z",
    "updatedAt": "2025-10-17T12:59:32.691Z"
  },
  {
    "id": "8bf82321-1a1f-4f20-98b6-a5560f10850b",
    "name": "Evening",
    "startTime": "17:00",
    "endTime": "01:00",
    "breakDuration": 45,
    "color": "#8B5CF6",
    "isActive": true,
    "createdAt": "2025-10-17T12:59:32.692Z",
    "updatedAt": "2025-10-17T12:59:32.692Z"
  },
  {
    "id": "4be7c023-d1fb-4cde-b0c3-dad26df9a83f",
    "name": "Night",
    "startTime": "01:00",
    "endTime": "09:00",
    "breakDuration": 45,
    "color": "#1F2937",
    "isActive": true,
    "createdAt": "2025-10-17T12:59:32.692Z",
    "updatedAt": "2025-10-17T12:59:32.692Z"
  },
  {
    "id": "a775ca05-11dd-4c9d-a1c8-952326825766",
    "name": "Morning",
    "startTime": "09:00",
    "endTime": "17:00",
    "breakDuration": 60,
    "color": "#3B82F6",
    "isActive": true,
    "createdAt": "2025-10-17T13:01:12.099Z",
    "updatedAt": "2025-10-17T13:01:12.099Z"
  },
  {
    "id": "4c194659-4957-4393-a1ad-3ad006e75f1e",
    "name": "Evening",
    "startTime": "17:00",
    "endTime": "01:00",
    "breakDuration": 45,
    "color": "#8B5CF6",
    "isActive": true,
    "createdAt": "2025-10-17T13:01:12.100Z",
    "updatedAt": "2025-10-17T13:01:12.100Z"
  },
  {
    "id": "92fca63d-b908-4f39-9125-ccc43859d9ee",
    "name": "Night",
    "startTime": "01:00",
    "endTime": "09:00",
    "breakDuration": 45,
    "color": "#1F2937",
    "isActive": true,
    "createdAt": "2025-10-17T13:01:12.100Z",
    "updatedAt": "2025-10-17T13:01:12.100Z"
  },
  {
    "id": "0d3d362f-a4a8-4c87-a3d7-9edc7eee84b0",
    "name": "Morning",
    "startTime": "09:00",
    "endTime": "17:00",
    "breakDuration": 60,
    "color": "#3B82F6",
    "isActive": true,
    "createdAt": "2025-10-17T13:03:03.919Z",
    "updatedAt": "2025-10-17T13:03:03.919Z"
  },
  {
    "id": "d8429c15-455d-4e16-80a1-3d2565d1f98a",
    "name": "Evening",
    "startTime": "17:00",
    "endTime": "01:00",
    "breakDuration": 45,
    "color": "#8B5CF6",
    "isActive": true,
    "createdAt": "2025-10-17T13:03:03.920Z",
    "updatedAt": "2025-10-17T13:03:03.920Z"
  },
  {
    "id": "009d90ef-fb93-4d43-bb98-197a41986aba",
    "name": "Night",
    "startTime": "01:00",
    "endTime": "09:00",
    "breakDuration": 45,
    "color": "#1F2937",
    "isActive": true,
    "createdAt": "2025-10-17T13:03:03.924Z",
    "updatedAt": "2025-10-17T13:03:03.924Z"
  },
  {
    "id": "db463642-fe18-47f7-832d-ad74d23b1b1d",
    "name": "Morning",
    "startTime": "09:00",
    "endTime": "17:00",
    "breakDuration": 60,
    "color": "#3B82F6",
    "isActive": true,
    "createdAt": "2025-10-17T13:04:12.625Z",
    "updatedAt": "2025-10-17T13:04:12.625Z"
  },
  {
    "id": "c4bf099c-f414-43c4-a369-90d9ff63fe30",
    "name": "Evening",
    "startTime": "17:00",
    "endTime": "01:00",
    "breakDuration": 45,
    "color": "#8B5CF6",
    "isActive": true,
    "createdAt": "2025-10-17T13:04:12.625Z",
    "updatedAt": "2025-10-17T13:04:12.625Z"
  },
  {
    "id": "6ebd3da9-a09b-433e-8375-66ed306a0a81",
    "name": "Night",
    "startTime": "01:00",
    "endTime": "09:00",
    "breakDuration": 45,
    "color": "#1F2937",
    "isActive": true,
    "createdAt": "2025-10-17T13:04:12.625Z",
    "updatedAt": "2025-10-17T13:04:12.625Z"
  },
  {
    "id": "2e6aca38-f80c-42fd-818d-cea2cb6e00a3",
    "name": "Morning",
    "startTime": "09:00",
    "endTime": "17:00",
    "breakDuration": 60,
    "color": "#3B82F6",
    "isActive": true,
    "createdAt": "2025-10-17T13:07:00.853Z",
    "updatedAt": "2025-10-17T13:07:00.853Z"
  },
  {
    "id": "6824115c-a9af-44c9-9408-bcbcec2d96d7",
    "name": "Evening",
    "startTime": "17:00",
    "endTime": "01:00",
    "breakDuration": 45,
    "color": "#8B5CF6",
    "isActive": true,
    "createdAt": "2025-10-17T13:07:00.854Z",
    "updatedAt": "2025-10-17T13:07:00.854Z"
  },
  {
    "id": "6c5ec2e2-55c4-48af-b9e7-556db32874d6",
    "name": "Night",
    "startTime": "01:00",
    "endTime": "09:00",
    "breakDuration": 45,
    "color": "#1F2937",
    "isActive": true,
    "createdAt": "2025-10-17T13:07:00.854Z",
    "updatedAt": "2025-10-17T13:07:00.854Z"
  },
  {
    "id": "cf32e21f-f55a-4126-b674-b67e36840f3a",
    "name": "Morning",
    "startTime": "09:00",
    "endTime": "17:00",
    "breakDuration": 60,
    "color": "#3B82F6",
    "isActive": true,
    "createdAt": "2025-10-17T13:08:12.662Z",
    "updatedAt": "2025-10-17T13:08:12.662Z"
  },
  {
    "id": "e74158a6-1a83-48c7-a624-40407e68d125",
    "name": "Evening",
    "startTime": "17:00",
    "endTime": "01:00",
    "breakDuration": 45,
    "color": "#8B5CF6",
    "isActive": true,
    "createdAt": "2025-10-17T13:08:12.663Z",
    "updatedAt": "2025-10-17T13:08:12.663Z"
  },
  {
    "id": "4e382c8f-79b5-45b0-ba1f-fff11c48e977",
    "name": "Night",
    "startTime": "01:00",
    "endTime": "09:00",
    "breakDuration": 45,
    "color": "#1F2937",
    "isActive": true,
    "createdAt": "2025-10-17T13:08:12.663Z",
    "updatedAt": "2025-10-17T13:08:12.663Z"
  },
  {
    "id": "c4a287f1-67c9-4e13-8989-a0baa250dcc6",
    "name": "Morning",
    "startTime": "09:00",
    "endTime": "17:00",
    "breakDuration": 60,
    "color": "#3B82F6",
    "isActive": true,
    "createdAt": "2025-10-17T13:08:22.113Z",
    "updatedAt": "2025-10-17T13:08:22.113Z"
  },
  {
    "id": "22513393-e059-497e-8274-708650fd96d0",
    "name": "Evening",
    "startTime": "17:00",
    "endTime": "01:00",
    "breakDuration": 45,
    "color": "#8B5CF6",
    "isActive": true,
    "createdAt": "2025-10-17T13:08:22.114Z",
    "updatedAt": "2025-10-17T13:08:22.114Z"
  },
  {
    "id": "feca4360-b5a8-475d-8bc3-b487ea6aa83f",
    "name": "Night",
    "startTime": "01:00",
    "endTime": "09:00",
    "breakDuration": 45,
    "color": "#1F2937",
    "isActive": true,
    "createdAt": "2025-10-17T13:08:22.114Z",
    "updatedAt": "2025-10-17T13:08:22.114Z"
  },
  {
    "id": "33683aa1-5989-4d0d-b430-b4e64b816a09",
    "name": "Morning",
    "startTime": "09:00",
    "endTime": "17:00",
    "breakDuration": 60,
    "color": "#3B82F6",
    "isActive": true,
    "createdAt": "2025-10-17T13:12:57.000Z",
    "updatedAt": "2025-10-17T13:12:57.000Z"
  },
  {
    "id": "c1df7dc0-7a34-457f-b671-5df7849e0b0b",
    "name": "Evening",
    "startTime": "17:00",
    "endTime": "01:00",
    "breakDuration": 45,
    "color": "#8B5CF6",
    "isActive": true,
    "createdAt": "2025-10-17T13:12:57.001Z",
    "updatedAt": "2025-10-17T13:12:57.001Z"
  },
  {
    "id": "068897cb-c8fe-4113-bd88-e8ba71dcb7df",
    "name": "Night",
    "startTime": "01:00",
    "endTime": "09:00",
    "breakDuration": 45,
    "color": "#1F2937",
    "isActive": true,
    "createdAt": "2025-10-17T13:12:57.001Z",
    "updatedAt": "2025-10-17T13:12:57.001Z"
  },
  {
    "id": "a33fe7c8-0931-4436-bbc8-10dd6cd11266",
    "name": "Morning",
    "startTime": "09:00",
    "endTime": "17:00",
    "breakDuration": 60,
    "color": "#3B82F6",
    "isActive": true,
    "createdAt": "2025-10-17T13:17:40.874Z",
    "updatedAt": "2025-10-17T13:17:40.874Z"
  },
  {
    "id": "cd9e8923-c18a-4cfe-97a4-4877a3cf91c2",
    "name": "Evening",
    "startTime": "17:00",
    "endTime": "01:00",
    "breakDuration": 45,
    "color": "#8B5CF6",
    "isActive": true,
    "createdAt": "2025-10-17T13:17:40.875Z",
    "updatedAt": "2025-10-17T13:17:40.875Z"
  },
  {
    "id": "5de838f7-db0c-41e0-a83b-b0ac8a655fb0",
    "name": "Night",
    "startTime": "01:00",
    "endTime": "09:00",
    "breakDuration": 45,
    "color": "#1F2937",
    "isActive": true,
    "createdAt": "2025-10-17T13:17:40.875Z",
    "updatedAt": "2025-10-17T13:17:40.875Z"
  },
  {
    "id": "f097551d-7da9-4112-9d84-2783e55b98f9",
    "name": "Morning",
    "startTime": "09:00",
    "endTime": "17:00",
    "breakDuration": 60,
    "color": "#3B82F6",
    "isActive": true,
    "createdAt": "2025-10-17T13:22:08.187Z",
    "updatedAt": "2025-10-17T13:22:08.187Z"
  },
  {
    "id": "0c0f6332-f177-4983-ac2b-d160903879c7",
    "name": "Evening",
    "startTime": "17:00",
    "endTime": "01:00",
    "breakDuration": 45,
    "color": "#8B5CF6",
    "isActive": true,
    "createdAt": "2025-10-17T13:22:08.188Z",
    "updatedAt": "2025-10-17T13:22:08.188Z"
  },
  {
    "id": "bc64c11f-b68b-426f-b956-e2a8b4496762",
    "name": "Night",
    "startTime": "01:00",
    "endTime": "09:00",
    "breakDuration": 45,
    "color": "#1F2937",
    "isActive": true,
    "createdAt": "2025-10-17T13:22:08.190Z",
    "updatedAt": "2025-10-17T13:22:08.190Z"
  },
  {
    "id": "a492d9e6-c337-48bb-969f-615b68f63448",
    "name": "Morning",
    "startTime": "09:00",
    "endTime": "17:00",
    "breakDuration": 60,
    "color": "#3B82F6",
    "isActive": true,
    "createdAt": "2025-10-17T13:24:59.955Z",
    "updatedAt": "2025-10-17T13:24:59.955Z"
  },
  {
    "id": "fda8fd15-713a-4244-8e14-dfa36ce39277",
    "name": "Evening",
    "startTime": "17:00",
    "endTime": "01:00",
    "breakDuration": 45,
    "color": "#8B5CF6",
    "isActive": true,
    "createdAt": "2025-10-17T13:24:59.956Z",
    "updatedAt": "2025-10-17T13:24:59.956Z"
  },
  {
    "id": "868c1b8b-b452-4d64-992b-c6025272e497",
    "name": "Night",
    "startTime": "01:00",
    "endTime": "09:00",
    "breakDuration": 45,
    "color": "#1F2937",
    "isActive": true,
    "createdAt": "2025-10-17T13:24:59.957Z",
    "updatedAt": "2025-10-17T13:24:59.957Z"
  },
  {
    "id": "968ad8b6-509a-4280-afb1-f30040ae502f",
    "name": "Morning",
    "startTime": "09:00",
    "endTime": "17:00",
    "breakDuration": 60,
    "color": "#3B82F6",
    "isActive": true,
    "createdAt": "2025-10-17T13:26:38.951Z",
    "updatedAt": "2025-10-17T13:26:38.951Z"
  },
  {
    "id": "d2a05fe2-e09c-4bb9-ac62-87ece45a951f",
    "name": "Evening",
    "startTime": "17:00",
    "endTime": "01:00",
    "breakDuration": 45,
    "color": "#8B5CF6",
    "isActive": true,
    "createdAt": "2025-10-17T13:26:38.952Z",
    "updatedAt": "2025-10-17T13:26:38.952Z"
  },
  {
    "id": "832ef0e9-a5d0-450f-abbb-63960a1d3a20",
    "name": "Night",
    "startTime": "01:00",
    "endTime": "09:00",
    "breakDuration": 45,
    "color": "#1F2937",
    "isActive": true,
    "createdAt": "2025-10-17T13:26:38.953Z",
    "updatedAt": "2025-10-17T13:26:38.953Z"
  },
  {
    "id": "89289a3f-f591-4310-9af4-7f9de07a768e",
    "name": "Morning",
    "startTime": "09:00",
    "endTime": "17:00",
    "breakDuration": 60,
    "color": "#3B82F6",
    "isActive": true,
    "createdAt": "2025-10-17T13:28:18.859Z",
    "updatedAt": "2025-10-17T13:28:18.859Z"
  },
  {
    "id": "e5e3cf72-1734-4a9b-8997-924712d6b9e3",
    "name": "Evening",
    "startTime": "17:00",
    "endTime": "01:00",
    "breakDuration": 45,
    "color": "#8B5CF6",
    "isActive": true,
    "createdAt": "2025-10-17T13:28:18.859Z",
    "updatedAt": "2025-10-17T13:28:18.859Z"
  },
  {
    "id": "79448d5e-fa2e-4eac-96a9-6e45aac969cd",
    "name": "Night",
    "startTime": "01:00",
    "endTime": "09:00",
    "breakDuration": 45,
    "color": "#1F2937",
    "isActive": true,
    "createdAt": "2025-10-17T13:28:18.860Z",
    "updatedAt": "2025-10-17T13:28:18.860Z"
  },
  {
    "id": "7d9b6b47-ab4a-44ff-974c-a97bdd37668e",
    "name": "Morning",
    "startTime": "09:00",
    "endTime": "17:00",
    "breakDuration": 60,
    "color": "#3B82F6",
    "isActive": true,
    "createdAt": "2025-10-17T13:30:05.835Z",
    "updatedAt": "2025-10-17T13:30:05.835Z"
  },
  {
    "id": "de674860-5d88-49be-9112-ae9c59f7a596",
    "name": "Evening",
    "startTime": "17:00",
    "endTime": "01:00",
    "breakDuration": 45,
    "color": "#8B5CF6",
    "isActive": true,
    "createdAt": "2025-10-17T13:30:05.836Z",
    "updatedAt": "2025-10-17T13:30:05.836Z"
  },
  {
    "id": "b8264e07-31a4-4b74-a8cd-e93cd1ac8b40",
    "name": "Night",
    "startTime": "01:00",
    "endTime": "09:00",
    "breakDuration": 45,
    "color": "#1F2937",
    "isActive": true,
    "createdAt": "2025-10-17T13:30:05.836Z",
    "updatedAt": "2025-10-17T13:30:05.836Z"
  },
  {
    "id": "38237e2f-c1bf-4840-9123-56eb79c4f03a",
    "name": "Morning",
    "startTime": "09:00",
    "endTime": "17:00",
    "breakDuration": 60,
    "color": "#3B82F6",
    "isActive": true,
    "createdAt": "2025-10-17T13:32:07.073Z",
    "updatedAt": "2025-10-17T13:32:07.073Z"
  },
  {
    "id": "285fff23-8a4c-4327-bc68-3add0ed5e0b0",
    "name": "Evening",
    "startTime": "17:00",
    "endTime": "01:00",
    "breakDuration": 45,
    "color": "#8B5CF6",
    "isActive": true,
    "createdAt": "2025-10-17T13:32:07.074Z",
    "updatedAt": "2025-10-17T13:32:07.074Z"
  },
  {
    "id": "fe8ea403-2a4f-4a83-aced-7c13eaa2dda8",
    "name": "Night",
    "startTime": "01:00",
    "endTime": "09:00",
    "breakDuration": 45,
    "color": "#1F2937",
    "isActive": true,
    "createdAt": "2025-10-17T13:32:07.074Z",
    "updatedAt": "2025-10-17T13:32:07.074Z"
  },
  {
    "id": "c9f102fa-6279-4f13-b5dc-3673a0caba07",
    "name": "Morning",
    "startTime": "09:00",
    "endTime": "17:00",
    "breakDuration": 60,
    "color": "#3B82F6",
    "isActive": true,
    "createdAt": "2025-10-17T13:35:20.692Z",
    "updatedAt": "2025-10-17T13:35:20.692Z"
  },
  {
    "id": "dc5f0d40-2c17-407e-9aec-4ef0b70b8c90",
    "name": "Evening",
    "startTime": "17:00",
    "endTime": "01:00",
    "breakDuration": 45,
    "color": "#8B5CF6",
    "isActive": true,
    "createdAt": "2025-10-17T13:35:20.693Z",
    "updatedAt": "2025-10-17T13:35:20.693Z"
  },
  {
    "id": "da3ebc95-6484-4018-94e7-32fd8edf4d78",
    "name": "Night",
    "startTime": "01:00",
    "endTime": "09:00",
    "breakDuration": 45,
    "color": "#1F2937",
    "isActive": true,
    "createdAt": "2025-10-17T13:35:20.693Z",
    "updatedAt": "2025-10-17T13:35:20.693Z"
  },
  {
    "id": "9224a653-322e-4006-920d-472aec5ec205",
    "name": "Morning",
    "startTime": "09:00",
    "endTime": "17:00",
    "breakDuration": 60,
    "color": "#3B82F6",
    "isActive": true,
    "createdAt": "2025-10-17T13:36:02.624Z",
    "updatedAt": "2025-10-17T13:36:02.624Z"
  },
  {
    "id": "0be3888b-b983-4f50-b196-8f061cc2414b",
    "name": "Evening",
    "startTime": "17:00",
    "endTime": "01:00",
    "breakDuration": 45,
    "color": "#8B5CF6",
    "isActive": true,
    "createdAt": "2025-10-17T13:36:02.624Z",
    "updatedAt": "2025-10-17T13:36:02.624Z"
  },
  {
    "id": "1a361bbb-f3f1-49f8-a2af-7f15eb275a93",
    "name": "Night",
    "startTime": "01:00",
    "endTime": "09:00",
    "breakDuration": 45,
    "color": "#1F2937",
    "isActive": true,
    "createdAt": "2025-10-17T13:36:02.625Z",
    "updatedAt": "2025-10-17T13:36:02.625Z"
  }
]