[
  {
    "id": "7d43493c-6de6-46ee-94b0-47a36da7c07c",
    "name": "Frontend Team",
    "description": "Frontend development team",
    "managerId": "73e0d3b5-67a5-4f5c-b81f-7501f6a83944",
    "isActive": true,
    "createdAt": "2025-10-16T10:43:06.323Z",
    "updatedAt": "2025-10-16T10:43:06.323Z"
  },
  {
    "id": "cddfc6a9-7cf9-4ce8-b580-1c705049a5ba",
    "name": "Backend Team",
    "description": "Backend development team",
    "managerId": "73e0d3b5-67a5-4f5c-b81f-7501f6a83944",
    "isActive": true,
    "createdAt": "2025-10-16T10:43:06.323Z",
    "updatedAt": "2025-10-16T10:43:06.323Z"
  },
  {
    "id": "0e4a6e51-e6ad-4399-95e6-37971742d816",
    "name": "Frontend Team",
    "description": "Frontend development team",
    "managerId": "8958a4e2-e49b-4693-93b4-e4360adcd886",
    "isActive": true,
    "createdAt": "2025-10-16T10:43:51.202Z",
    "updatedAt": "2025-10-16T10:43:51.202Z"
  },
  {
    "id": "e5a3af8b-bece-4ce6-b165-40f3cddd70b8",
    "name": "Backend Team",
    "description": "Backend development team",
    "managerId": "8958a4e2-e49b-4693-93b4-e4360adcd886",
    "isActive": true,
    "createdAt": "2025-10-16T10:43:51.203Z",
    "updatedAt": "2025-10-16T10:43:51.203Z"
  },
  {
    "id": "b7e1e850-1d5d-4cfc-9001-9bac73fb9f38",
    "name": "Frontend Team",
    "description": "Frontend development team",
    "managerId": "0bc29d53-be2b-419d-82a1-2991e88baa20",
    "isActive": true,
    "createdAt": "2025-10-16T10:43:55.618Z",
    "updatedAt": "2025-10-16T10:43:55.618Z"
  },
  {
    "id": "28d5caa7-d47f-4c4e-8309-4756ca481c51",
    "name": "Backend Team",
    "description": "Backend development team",
    "managerId": "0bc29d53-be2b-419d-82a1-2991e88baa20",
    "isActive": true,
    "createdAt": "2025-10-16T10:43:55.619Z",
    "updatedAt": "2025-10-16T10:43:55.619Z"
  },
  {
    "id": "dbeb115f-7a3f-4b5c-b132-1113a5fe7bca",
    "name": "Frontend Team",
    "description": "Frontend development team",
    "managerId": "5441ef7c-4be9-46bb-b510-c4be6e469d28",
    "isActive": true,
    "createdAt": "2025-10-16T10:44:18.744Z",
    "updatedAt": "2025-10-16T10:44:18.744Z"
  },
  {
    "id": "efce9851-d83b-4e83-9e61-195bcf8d153b",
    "name": "Backend Team",
    "description": "Backend development team",
    "managerId": "5441ef7c-4be9-46bb-b510-c4be6e469d28",
    "isActive": true,
    "createdAt": "2025-10-16T10:44:18.744Z",
    "updatedAt": "2025-10-16T10:44:18.744Z"
  },
  {
    "id": "601e5eea-d11f-4493-83c4-0522913368e2",
    "name": "Frontend Team",
    "description": "Frontend development team",
    "managerId": "8f89cb7a-3806-4c1d-be41-55d933b301af",
    "isActive": true,
    "createdAt": "2025-10-16T10:47:23.846Z",
    "updatedAt": "2025-10-16T10:47:23.846Z"
  },
  {
    "id": "3f2caab1-43fb-4ec3-a422-d49e470da855",
    "name": "Backend Team",
    "description": "Backend development team",
    "managerId": "8f89cb7a-3806-4c1d-be41-55d933b301af",
    "isActive": true,
    "createdAt": "2025-10-16T10:47:23.847Z",
    "updatedAt": "2025-10-16T10:47:23.847Z"
  },
  {
    "id": "17fa798e-8b28-4b36-a4e3-39ccbdd73f4e",
    "name": "Frontend Team",
    "description": "Frontend development team",
    "managerId": "ba06a067-047d-4869-a8aa-bcd99d76a400",
    "isActive": true,
    "createdAt": "2025-10-16T10:49:07.095Z",
    "updatedAt": "2025-10-16T10:49:07.095Z"
  },
  {
    "id": "334bc61a-7dee-418d-b613-0be325785600",
    "name": "Backend Team",
    "description": "Backend development team",
    "managerId": "ba06a067-047d-4869-a8aa-bcd99d76a400",
    "isActive": true,
    "createdAt": "2025-10-16T10:49:07.095Z",
    "updatedAt": "2025-10-16T10:49:07.095Z"
  },
  {
    "id": "9f91eee1-ac7a-47ed-9f7b-e3476d20e2e1",
    "name": "Frontend Team",
    "description": "Frontend development team",
    "managerId": "49c407f6-8980-4352-bd12-84c0dff19a18",
    "isActive": true,
    "createdAt": "2025-10-16T10:53:13.090Z",
    "updatedAt": "2025-10-16T10:53:13.090Z"
  },
  {
    "id": "83d066b5-1c71-4d13-a836-e243df4a77f9",
    "name": "Backend Team",
    "description": "Backend development team",
    "managerId": "49c407f6-8980-4352-bd12-84c0dff19a18",
    "isActive": true,
    "createdAt": "2025-10-16T10:53:13.091Z",
    "updatedAt": "2025-10-16T10:53:13.091Z"
  },
  {
    "id": "15ac9005-4c49-489e-a28c-2118c603a917",
    "name": "Frontend Team",
    "description": "Frontend development team",
    "managerId": "9cba416f-b10b-40f7-b960-cf94e1603c75",
    "isActive": true,
    "createdAt": "2025-10-16T10:58:25.254Z",
    "updatedAt": "2025-10-16T10:58:25.254Z"
  },
  {
    "id": "76050f6c-fc13-4b1d-bcdb-d4700f468c44",
    "name": "Backend Team",
    "description": "Backend development team",
    "managerId": "9cba416f-b10b-40f7-b960-cf94e1603c75",
    "isActive": true,
    "createdAt": "2025-10-16T10:58:25.256Z",
    "updatedAt": "2025-10-16T10:58:25.256Z"
  },
  {
    "id": "956123ee-afcd-428d-ab6c-c6a71ccc939e",
    "name": "Frontend Team",
    "description": "Frontend development team",
    "managerId": "3ca22bab-4726-47cc-b7ed-7fc4bc787641",
    "isActive": true,
    "createdAt": "2025-10-16T11:34:04.402Z",
    "updatedAt": "2025-10-16T11:34:04.402Z"
  },
  {
    "id": "7f962f33-1036-4ecc-93c7-e7267d13947c",
    "name": "Backend Team",
    "description": "Backend development team",
    "managerId": "3ca22bab-4726-47cc-b7ed-7fc4bc787641",
    "isActive": true,
    "createdAt": "2025-10-16T11:34:04.402Z",
    "updatedAt": "2025-10-16T11:34:04.402Z"
  },
  {
    "id": "427fee22-7769-4376-abef-89feba3dfb3a",
    "name": "Frontend Team",
    "description": "Frontend development team",
    "managerId": "74615b4e-7b45-4fb3-ad80-fd010521904b",
    "isActive": true,
    "createdAt": "2025-10-16T11:34:23.941Z",
    "updatedAt": "2025-10-16T11:34:23.941Z"
  },
  {
    "id": "dbe66b27-1f95-4d76-bb50-0f3389e014d4",
    "name": "Backend Team",
    "description": "Backend development team",
    "managerId": "74615b4e-7b45-4fb3-ad80-fd010521904b",
    "isActive": true,
    "createdAt": "2025-10-16T11:34:23.942Z",
    "updatedAt": "2025-10-16T11:34:23.942Z"
  },
  {
    "id": "36587057-8fe3-4ddf-94c8-14696839e309",
    "name": "Frontend Team",
    "description": "Frontend development team",
    "managerId": "59d16c71-fbc2-45cb-b141-831b877c0688",
    "isActive": true,
    "createdAt": "2025-10-16T11:37:34.958Z",
    "updatedAt": "2025-10-16T11:37:34.958Z"
  },
  {
    "id": "eedde125-4f66-499e-bc80-5ebc1951deaf",
    "name": "Backend Team",
    "description": "Backend development team",
    "managerId": "59d16c71-fbc2-45cb-b141-831b877c0688",
    "isActive": true,
    "createdAt": "2025-10-16T11:37:34.958Z",
    "updatedAt": "2025-10-16T11:37:34.958Z"
  },
  {
    "id": "aadd184b-117d-46f6-bb41-d40b802ffbaf",
    "name": "Frontend Team",
    "description": "Frontend development team",
    "managerId": "5cacec2e-c703-46dd-8d82-c96ea72de69c",
    "isActive": true,
    "createdAt": "2025-10-16T11:37:42.281Z",
    "updatedAt": "2025-10-16T11:37:42.281Z"
  },
  {
    "id": "f4f91fbc-d5cf-4f76-80b1-8bdedaba6e8a",
    "name": "Backend Team",
    "description": "Backend development team",
    "managerId": "5cacec2e-c703-46dd-8d82-c96ea72de69c",
    "isActive": true,
    "createdAt": "2025-10-16T11:37:42.281Z",
    "updatedAt": "2025-10-16T11:37:42.281Z"
  },
  {
    "id": "63ea5245-4006-4dd3-8e62-b5be6ce0842a",
    "name": "Frontend Team",
    "description": "Frontend development team",
    "managerId": "bd940266-c155-41cf-b710-69a47102e55a",
    "isActive": true,
    "createdAt": "2025-10-16T11:40:59.846Z",
    "updatedAt": "2025-10-16T11:40:59.846Z"
  },
  {
    "id": "16d228c4-76f0-419d-9ce3-3a88e0477933",
    "name": "Backend Team",
    "description": "Backend development team",
    "managerId": "bd940266-c155-41cf-b710-69a47102e55a",
    "isActive": true,
    "createdAt": "2025-10-16T11:40:59.847Z",
    "updatedAt": "2025-10-16T11:40:59.847Z"
  },
  {
    "id": "7a4eb3dc-dca9-486c-8500-eece6629c1e5",
    "name": "Frontend Team",
    "description": "Frontend development team",
    "managerId": "826f2c67-31bd-439a-9c42-9360128acfb4",
    "isActive": true,
    "createdAt": "2025-10-16T11:42:46.509Z",
    "updatedAt": "2025-10-16T11:42:46.509Z"
  },
  {
    "id": "ea827a14-72f7-46ea-809a-53adbbd47d0f",
    "name": "Backend Team",
    "description": "Backend development team",
    "managerId": "826f2c67-31bd-439a-9c42-9360128acfb4",
    "isActive": true,
    "createdAt": "2025-10-16T11:42:46.510Z",
    "updatedAt": "2025-10-16T11:42:46.510Z"
  },
  {
    "id": "16688c9c-f6cb-436c-ae68-de49f6f9234f",
    "name": "Frontend Team",
    "description": "Frontend development team",
    "managerId": "b17f2c4d-ce39-436d-b1af-d3316e435b18",
    "isActive": true,
    "createdAt": "2025-10-17T07:29:07.023Z",
    "updatedAt": "2025-10-17T07:29:07.023Z"
  },
  {
    "id": "e0419702-d423-4ec8-8b20-778b7cfa8649",
    "name": "Backend Team",
    "description": "Backend development team",
    "managerId": "b17f2c4d-ce39-436d-b1af-d3316e435b18",
    "isActive": true,
    "createdAt": "2025-10-17T07:29:07.025Z",
    "updatedAt": "2025-10-17T07:29:07.025Z"
  },
  {
    "id": "71341d01-22e0-4336-bfd6-c28a05000903",
    "name": "Frontend Team",
    "description": "Frontend development team",
    "managerId": "6ca61cf0-185d-4744-9a8e-d834e8f8b658",
    "isActive": true,
    "createdAt": "2025-10-17T07:29:12.602Z",
    "updatedAt": "2025-10-17T07:29:12.602Z"
  },
  {
    "id": "81169cf9-9bed-436f-98ad-243bf6e9bac1",
    "name": "Backend Team",
    "description": "Backend development team",
    "managerId": "6ca61cf0-185d-4744-9a8e-d834e8f8b658",
    "isActive": true,
    "createdAt": "2025-10-17T07:29:12.603Z",
    "updatedAt": "2025-10-17T07:29:12.603Z"
  },
  {
    "id": "9a1bdf46-9e12-4263-a4cf-73f3db7e955d",
    "name": "Frontend Team",
    "description": "Frontend development team",
    "managerId": "c38a15b0-2664-4761-957f-727aa3357dd2",
    "isActive": true,
    "createdAt": "2025-10-17T07:45:22.174Z",
    "updatedAt": "2025-10-17T07:45:22.174Z"
  },
  {
    "id": "f6ee1ca6-0fa4-4ecf-a654-0598bd61ac85",
    "name": "Backend Team",
    "description": "Backend development team",
    "managerId": "c38a15b0-2664-4761-957f-727aa3357dd2",
    "isActive": true,
    "createdAt": "2025-10-17T07:45:22.175Z",
    "updatedAt": "2025-10-17T07:45:22.175Z"
  },
  {
    "id": "117d0bca-debd-408c-999f-9302c6f50b04",
    "name": "Frontend Team",
    "description": "Frontend development team",
    "managerId": "56602e66-808e-4f60-b978-3f93bd623400",
    "isActive": true,
    "createdAt": "2025-10-17T08:04:22.870Z",
    "updatedAt": "2025-10-17T08:04:22.870Z"
  },
  {
    "id": "9af9a468-ab84-493e-8bc3-670204ba8718",
    "name": "Backend Team",
    "description": "Backend development team",
    "managerId": "56602e66-808e-4f60-b978-3f93bd623400",
    "isActive": true,
    "createdAt": "2025-10-17T08:04:22.871Z",
    "updatedAt": "2025-10-17T08:04:22.871Z"
  },
  {
    "id": "1f3a7d79-c138-4700-a164-a4a5045b81d9",
    "name": "Frontend Team",
    "description": "Frontend development team",
    "managerId": "0d912b76-0829-4ac7-94ea-b6f4e7ad4a26",
    "isActive": true,
    "createdAt": "2025-10-17T08:35:46.132Z",
    "updatedAt": "2025-10-17T08:35:46.132Z"
  },
  {
    "id": "2f94c7c1-d80a-4c6a-a63b-486b5bfdc8ef",
    "name": "Backend Team",
    "description": "Backend development team",
    "managerId": "0d912b76-0829-4ac7-94ea-b6f4e7ad4a26",
    "isActive": true,
    "createdAt": "2025-10-17T08:35:46.133Z",
    "updatedAt": "2025-10-17T08:35:46.133Z"
  },
  {
    "id": "14c2552f-1a39-4669-8dc6-cda7922961cd",
    "name": "Frontend Team",
    "description": "Frontend development team",
    "managerId": "b407d62c-b2cf-4c28-9c37-3c843d52a248",
    "isActive": true,
    "createdAt": "2025-10-17T09:20:15.726Z",
    "updatedAt": "2025-10-17T09:20:15.726Z"
  },
  {
    "id": "f32bb0cf-d732-4b92-afc6-e775420fae16",
    "name": "Backend Team",
    "description": "Backend development team",
    "managerId": "b407d62c-b2cf-4c28-9c37-3c843d52a248",
    "isActive": true,
    "createdAt": "2025-10-17T09:20:15.726Z",
    "updatedAt": "2025-10-17T09:20:15.726Z"
  },
  {
    "id": "7c9b8e51-b4bb-496e-ae4d-c88fb95c598b",
    "name": "Frontend Team",
    "description": "Frontend development team",
    "managerId": "5f543b02-c85a-4e2c-af97-88ffff4c5075",
    "isActive": true,
    "createdAt": "2025-10-17T09:42:09.879Z",
    "updatedAt": "2025-10-17T09:42:09.879Z"
  },
  {
    "id": "923f9ded-f4da-4658-a528-cbc1e5771d33",
    "name": "Backend Team",
    "description": "Backend development team",
    "managerId": "5f543b02-c85a-4e2c-af97-88ffff4c5075",
    "isActive": true,
    "createdAt": "2025-10-17T09:42:09.879Z",
    "updatedAt": "2025-10-17T09:42:09.879Z"
  },
  {
    "id": "23535a18-ca92-4c48-b395-3efcccfcfe88",
    "name": "Frontend Team",
    "description": "Frontend development team",
    "managerId": "57befd7b-33c1-4091-a0cd-cd653c57bd20",
    "isActive": true,
    "createdAt": "2025-10-17T10:28:59.143Z",
    "updatedAt": "2025-10-17T10:28:59.143Z"
  },
  {
    "id": "8bcdb06a-3dff-4c1a-abdc-7f0a17972e0f",
    "name": "Backend Team",
    "description": "Backend development team",
    "managerId": "57befd7b-33c1-4091-a0cd-cd653c57bd20",
    "isActive": true,
    "createdAt": "2025-10-17T10:28:59.145Z",
    "updatedAt": "2025-10-17T10:28:59.145Z"
  },
  {
    "id": "1dd6a4f9-b2dd-4b2d-879d-0f1564429bd2",
    "name": "Frontend Team",
    "description": "Frontend development team",
    "managerId": "95fdca5e-f6e0-4535-8d57-d1b23efae03f",
    "isActive": true,
    "createdAt": "2025-10-17T10:37:31.909Z",
    "updatedAt": "2025-10-17T10:37:31.909Z"
  },
  {
    "id": "15c8080f-6d73-4c7e-a3b3-6a6569dc32be",
    "name": "Backend Team",
    "description": "Backend development team",
    "managerId": "95fdca5e-f6e0-4535-8d57-d1b23efae03f",
    "isActive": true,
    "createdAt": "2025-10-17T10:37:31.910Z",
    "updatedAt": "2025-10-17T10:37:31.910Z"
  },
  {
    "id": "2b6d6255-36ca-402f-8843-a5b94f78a891",
    "name": "Frontend Team",
    "description": "Frontend development team",
    "managerId": "25c5de58-3565-43a5-96a2-2254442b65d8",
    "isActive": true,
    "createdAt": "2025-10-17T10:41:18.635Z",
    "updatedAt": "2025-10-17T10:41:18.635Z"
  },
  {
    "id": "ea4dbc20-ffa3-4819-b935-6a2c3553e15b",
    "name": "Backend Team",
    "description": "Backend development team",
    "managerId": "25c5de58-3565-43a5-96a2-2254442b65d8",
    "isActive": true,
    "createdAt": "2025-10-17T10:41:18.636Z",
    "updatedAt": "2025-10-17T10:41:18.636Z"
  },
  {
    "id": "b98f07bd-9efc-4a90-9053-a43c5141024d",
    "name": "Frontend Team",
    "description": "Frontend development team",
    "managerId": "2b5f3a3e-d67d-47bf-89b7-07e5edc188f6",
    "isActive": true,
    "createdAt": "2025-10-17T12:40:24.608Z",
    "updatedAt": "2025-10-17T12:40:24.608Z"
  },
  {
    "id": "49de4d76-c14f-435f-8961-3dbea82dc8d4",
    "name": "Backend Team",
    "description": "Backend development team",
    "managerId": "2b5f3a3e-d67d-47bf-89b7-07e5edc188f6",
    "isActive": true,
    "createdAt": "2025-10-17T12:40:24.608Z",
    "updatedAt": "2025-10-17T12:40:24.608Z"
  },
  {
    "id": "e7ae93f7-46d5-4510-87a4-aa0510df860c",
    "name": "Frontend Team",
    "description": "Frontend development team",
    "managerId": "6f305319-42bb-44cd-afa8-eac81b863901",
    "isActive": true,
    "createdAt": "2025-10-17T12:42:03.372Z",
    "updatedAt": "2025-10-17T12:42:03.372Z"
  },
  {
    "id": "09c2b96e-5916-4fa3-8008-befd34d9b646",
    "name": "Backend Team",
    "description": "Backend development team",
    "managerId": "6f305319-42bb-44cd-afa8-eac81b863901",
    "isActive": true,
    "createdAt": "2025-10-17T12:42:03.372Z",
    "updatedAt": "2025-10-17T12:42:03.372Z"
  },
  {
    "id": "2bce58fd-ce1b-4b43-a1d4-b362d68160cc",
    "name": "Frontend Team",
    "description": "Frontend development team",
    "managerId": "72b0dd56-5ab9-4c6a-945b-4e38a5cf70de",
    "isActive": true,
    "createdAt": "2025-10-17T12:42:18.220Z",
    "updatedAt": "2025-10-17T12:42:18.220Z"
  },
  {
    "id": "54648151-c7c5-430f-abd9-379a51a0b12a",
    "name": "Backend Team",
    "description": "Backend development team",
    "managerId": "72b0dd56-5ab9-4c6a-945b-4e38a5cf70de",
    "isActive": true,
    "createdAt": "2025-10-17T12:42:18.220Z",
    "updatedAt": "2025-10-17T12:42:18.220Z"
  },
  {
    "id": "ef585bc6-cc3d-4a68-853f-e96362836fd7",
    "name": "Frontend Team",
    "description": "Frontend development team",
    "managerId": "c471345e-e326-4608-bd51-0122b485709e",
    "isActive": true,
    "createdAt": "2025-10-17T12:43:31.156Z",
    "updatedAt": "2025-10-17T12:43:31.156Z"
  },
  {
    "id": "44fb9c61-ada6-4ad6-8554-c13925412111",
    "name": "Backend Team",
    "description": "Backend development team",
    "managerId": "c471345e-e326-4608-bd51-0122b485709e",
    "isActive": true,
    "createdAt": "2025-10-17T12:43:31.156Z",
    "updatedAt": "2025-10-17T12:43:31.156Z"
  },
  {
    "id": "9dea3edc-a307-4c31-bc8f-232c92325317",
    "name": "Frontend Team",
    "description": "Frontend development team",
    "managerId": "fc3ba8fb-499e-413a-bfa6-c6ab8e6a7f34",
    "isActive": true,
    "createdAt": "2025-10-17T12:45:18.800Z",
    "updatedAt": "2025-10-17T12:45:18.800Z"
  },
  {
    "id": "05b72bd3-46cb-469e-beae-d71f85947270",
    "name": "Backend Team",
    "description": "Backend development team",
    "managerId": "fc3ba8fb-499e-413a-bfa6-c6ab8e6a7f34",
    "isActive": true,
    "createdAt": "2025-10-17T12:45:18.800Z",
    "updatedAt": "2025-10-17T12:45:18.800Z"
  },
  {
    "id": "617fcd71-6f2a-4e19-8ef4-ebb938de0337",
    "name": "Frontend Team",
    "description": "Frontend development team",
    "managerId": "ddeb4760-3c68-45d8-b246-fc4ed514eea6",
    "isActive": true,
    "createdAt": "2025-10-17T12:45:59.391Z",
    "updatedAt": "2025-10-17T12:45:59.391Z"
  },
  {
    "id": "8d1bd98a-4de2-4520-9752-76e8df371a1a",
    "name": "Backend Team",
    "description": "Backend development team",
    "managerId": "ddeb4760-3c68-45d8-b246-fc4ed514eea6",
    "isActive": true,
    "createdAt": "2025-10-17T12:45:59.391Z",
    "updatedAt": "2025-10-17T12:45:59.391Z"
  },
  {
    "id": "de9b1245-3993-4306-95c8-7ced6f7e2159",
    "name": "Frontend Team",
    "description": "Frontend development team",
    "managerId": "daee2ad8-0f24-4bdf-9ed8-f3ebaccaebad",
    "isActive": true,
    "createdAt": "2025-10-17T12:46:44.318Z",
    "updatedAt": "2025-10-17T12:46:44.318Z"
  },
  {
    "id": "6fefb7c6-08cb-43b5-99e0-995e9dc143ab",
    "name": "Backend Team",
    "description": "Backend development team",
    "managerId": "daee2ad8-0f24-4bdf-9ed8-f3ebaccaebad",
    "isActive": true,
    "createdAt": "2025-10-17T12:46:44.318Z",
    "updatedAt": "2025-10-17T12:46:44.318Z"
  },
  {
    "id": "d8243631-fc17-4911-9f63-67c3d8bbc42f",
    "name": "Frontend Team",
    "description": "Frontend development team",
    "managerId": "68cf758e-f51c-46c4-8979-63b91cd685c1",
    "isActive": true,
    "createdAt": "2025-10-17T12:51:06.538Z",
    "updatedAt": "2025-10-17T12:51:06.538Z"
  },
  {
    "id": "f5c982c5-0653-4f45-a307-28da08acee51",
    "name": "Backend Team",
    "description": "Backend development team",
    "managerId": "68cf758e-f51c-46c4-8979-63b91cd685c1",
    "isActive": true,
    "createdAt": "2025-10-17T12:51:06.538Z",
    "updatedAt": "2025-10-17T12:51:06.538Z"
  },
  {
    "id": "2e597f7b-bdac-4507-89d7-a2f0f5d4700f",
    "name": "Frontend Team",
    "description": "Frontend development team",
    "managerId": "bcfa1b65-f9cc-44bb-afdb-90a6e797aaf7",
    "isActive": true,
    "createdAt": "2025-10-17T12:52:31.739Z",
    "updatedAt": "2025-10-17T12:52:31.739Z"
  },
  {
    "id": "cbd02b0c-e022-47f0-a4e0-3a1d447f3c3f",
    "name": "Backend Team",
    "description": "Backend development team",
    "managerId": "bcfa1b65-f9cc-44bb-afdb-90a6e797aaf7",
    "isActive": true,
    "createdAt": "2025-10-17T12:52:31.741Z",
    "updatedAt": "2025-10-17T12:52:31.741Z"
  },
  {
    "id": "7c2300d9-3422-44b5-8752-e19a6e3bd9c2",
    "name": "Frontend Team",
    "description": "Frontend development team",
    "managerId": "09b455af-0c83-49f9-8480-bfad92158ae4",
    "isActive": true,
    "createdAt": "2025-10-17T12:55:10.336Z",
    "updatedAt": "2025-10-17T12:55:10.336Z"
  },
  {
    "id": "0a795463-2b54-4d9e-91f8-ce92baa0101a",
    "name": "Backend Team",
    "description": "Backend development team",
    "managerId": "09b455af-0c83-49f9-8480-bfad92158ae4",
    "isActive": true,
    "createdAt": "2025-10-17T12:55:10.337Z",
    "updatedAt": "2025-10-17T12:55:10.337Z"
  },
  {
    "id": "6233cfa5-4f83-4673-81c7-5583aa294be0",
    "name": "Frontend Team",
    "description": "Frontend development team",
    "managerId": "e01c3151-29ca-4dc3-9076-24f1ff3156ec",
    "isActive": true,
    "createdAt": "2025-10-17T12:56:02.588Z",
    "updatedAt": "2025-10-17T12:56:02.588Z"
  },
  {
    "id": "6b98d7db-e450-406a-8eb5-a0e9ec113d34",
    "name": "Backend Team",
    "description": "Backend development team",
    "managerId": "e01c3151-29ca-4dc3-9076-24f1ff3156ec",
    "isActive": true,
    "createdAt": "2025-10-17T12:56:02.588Z",
    "updatedAt": "2025-10-17T12:56:02.588Z"
  },
  {
    "id": "ac68621e-8ea4-411a-8818-c80113c994e9",
    "name": "Frontend Team",
    "description": "Frontend development team",
    "managerId": "6a8cdc8a-3a6d-44e9-825a-650232626588",
    "isActive": true,
    "createdAt": "2025-10-17T12:56:42.768Z",
    "updatedAt": "2025-10-17T12:56:42.768Z"
  },
  {
    "id": "d6012beb-d945-437c-9f76-4b8317266b12",
    "name": "Backend Team",
    "description": "Backend development team",
    "managerId": "6a8cdc8a-3a6d-44e9-825a-650232626588",
    "isActive": true,
    "createdAt": "2025-10-17T12:56:42.768Z",
    "updatedAt": "2025-10-17T12:56:42.768Z"
  },
  {
    "id": "c14487ad-49b5-4008-8553-1ae54239d1b8",
    "name": "Frontend Team",
    "description": "Frontend development team",
    "managerId": "dd8d706b-a4ae-4c58-92dd-f8eeefab80a4",
    "isActive": true,
    "createdAt": "2025-10-17T12:57:13.044Z",
    "updatedAt": "2025-10-17T12:57:13.044Z"
  },
  {
    "id": "bcb0424f-a708-4b53-91fb-40c739614b53",
    "name": "Backend Team",
    "description": "Backend development team",
    "managerId": "dd8d706b-a4ae-4c58-92dd-f8eeefab80a4",
    "isActive": true,
    "createdAt": "2025-10-17T12:57:13.045Z",
    "updatedAt": "2025-10-17T12:57:13.045Z"
  },
  {
    "id": "afe5181f-3b43-4e27-b476-aae94434fe92",
    "name": "Frontend Team",
    "description": "Frontend development team",
    "managerId": "72b7a546-2b32-4007-bed4-c8a583518983",
    "isActive": true,
    "createdAt": "2025-10-17T12:59:32.688Z",
    "updatedAt": "2025-10-17T12:59:32.688Z"
  },
  {
    "id": "c257b951-f4b7-4488-b020-e3416c2f0064",
    "name": "Backend Team",
    "description": "Backend development team",
    "managerId": "72b7a546-2b32-4007-bed4-c8a583518983",
    "isActive": true,
    "createdAt": "2025-10-17T12:59:32.688Z",
    "updatedAt": "2025-10-17T12:59:32.688Z"
  },
  {
    "id": "d50722a6-c201-49a5-8927-d4f160a8d8e7",
    "name": "Frontend Team",
    "description": "Frontend development team",
    "managerId": "14e7e086-696d-47f6-80d7-77ae2c416b31",
    "isActive": true,
    "createdAt": "2025-10-17T13:01:12.097Z",
    "updatedAt": "2025-10-17T13:01:12.097Z"
  },
  {
    "id": "6a7017d7-b7ec-4fec-8c38-a601f1e94f3d",
    "name": "Backend Team",
    "description": "Backend development team",
    "managerId": "14e7e086-696d-47f6-80d7-77ae2c416b31",
    "isActive": true,
    "createdAt": "2025-10-17T13:01:12.097Z",
    "updatedAt": "2025-10-17T13:01:12.097Z"
  },
  {
    "id": "96920ce1-bfb5-423c-8515-c9222f69b083",
    "name": "Frontend Team",
    "description": "Frontend development team",
    "managerId": "a8779d94-06a5-454a-9d58-e495e4b188d0",
    "isActive": true,
    "createdAt": "2025-10-17T13:03:03.912Z",
    "updatedAt": "2025-10-17T13:03:03.912Z"
  },
  {
    "id": "c7c46fe5-19f4-4bd2-82bb-2ffd4df8c775",
    "name": "Backend Team",
    "description": "Backend development team",
    "managerId": "a8779d94-06a5-454a-9d58-e495e4b188d0",
    "isActive": true,
    "createdAt": "2025-10-17T13:03:03.913Z",
    "updatedAt": "2025-10-17T13:03:03.913Z"
  },
  {
    "id": "a0f3a2f5-f094-453a-bc7b-b15493aa97f0",
    "name": "Frontend Team",
    "description": "Frontend development team",
    "managerId": "aebda563-f5da-4127-9bde-a7d117d0893b",
    "isActive": true,
    "createdAt": "2025-10-17T13:04:12.623Z",
    "updatedAt": "2025-10-17T13:04:12.623Z"
  },
  {
    "id": "8f80770a-4294-4af7-97d7-2f765be9e352",
    "name": "Backend Team",
    "description": "Backend development team",
    "managerId": "aebda563-f5da-4127-9bde-a7d117d0893b",
    "isActive": true,
    "createdAt": "2025-10-17T13:04:12.623Z",
    "updatedAt": "2025-10-17T13:04:12.623Z"
  },
  {
    "id": "121615a4-1147-4b75-9f24-a50b92bb294a",
    "name": "Frontend Team",
    "description": "Frontend development team",
    "managerId": "28426e0b-37dc-4a39-83f3-121d4fcd31e5",
    "isActive": true,
    "createdAt": "2025-10-17T13:07:00.851Z",
    "updatedAt": "2025-10-17T13:07:00.851Z"
  },
  {
    "id": "6b978bc5-b5ab-4476-ae7f-cb3c817219e8",
    "name": "Backend Team",
    "description": "Backend development team",
    "managerId": "28426e0b-37dc-4a39-83f3-121d4fcd31e5",
    "isActive": true,
    "createdAt": "2025-10-17T13:07:00.851Z",
    "updatedAt": "2025-10-17T13:07:00.851Z"
  },
  {
    "id": "768e941f-dc81-4610-9cbc-baa461e1ce5e",
    "name": "Frontend Team",
    "description": "Frontend development team",
    "managerId": "8ff4f701-fec4-46be-bcaa-653d3bd647fd",
    "isActive": true,
    "createdAt": "2025-10-17T13:08:12.659Z",
    "updatedAt": "2025-10-17T13:08:12.659Z"
  },
  {
    "id": "015f0dc9-b0df-4c1c-950c-4e1c05a2601f",
    "name": "Backend Team",
    "description": "Backend development team",
    "managerId": "8ff4f701-fec4-46be-bcaa-653d3bd647fd",
    "isActive": true,
    "createdAt": "2025-10-17T13:08:12.660Z",
    "updatedAt": "2025-10-17T13:08:12.660Z"
  },
  {
    "id": "bad8d1db-af55-4fb4-b316-efc492863488",
    "name": "Frontend Team",
    "description": "Frontend development team",
    "managerId": "8aae7a97-f585-42db-ad50-2fb00454d80c",
    "isActive": true,
    "createdAt": "2025-10-17T13:08:22.107Z",
    "updatedAt": "2025-10-17T13:08:22.107Z"
  },
  {
    "id": "aa6133e5-5bba-4368-ad00-c10d57354493",
    "name": "Backend Team",
    "description": "Backend development team",
    "managerId": "8aae7a97-f585-42db-ad50-2fb00454d80c",
    "isActive": true,
    "createdAt": "2025-10-17T13:08:22.108Z",
    "updatedAt": "2025-10-17T13:08:22.108Z"
  },
  {
    "id": "264553f3-88da-48bb-84fe-0bc076fa5111",
    "name": "Frontend Team",
    "description": "Frontend development team",
    "managerId": "c8b5eb35-42cd-40c7-9a31-9f9f59d3b5d7",
    "isActive": true,
    "createdAt": "2025-10-17T13:12:56.995Z",
    "updatedAt": "2025-10-17T13:12:56.995Z"
  },
  {
    "id": "81d6ba91-9c72-4392-baa0-df5e015e1449",
    "name": "Backend Team",
    "description": "Backend development team",
    "managerId": "c8b5eb35-42cd-40c7-9a31-9f9f59d3b5d7",
    "isActive": true,
    "createdAt": "2025-10-17T13:12:56.996Z",
    "updatedAt": "2025-10-17T13:12:56.996Z"
  },
  {
    "id": "7ffa9c9f-48e4-4df4-842a-ca5247193922",
    "name": "Frontend Team",
    "description": "Frontend development team",
    "managerId": "f6f2acb1-5ba4-4e15-a00f-ba983b3f7057",
    "isActive": true,
    "createdAt": "2025-10-17T13:17:40.872Z",
    "updatedAt": "2025-10-17T13:17:40.872Z"
  },
  {
    "id": "e4f0dda1-3d5d-450a-b827-7216fd407630",
    "name": "Backend Team",
    "description": "Backend development team",
    "managerId": "f6f2acb1-5ba4-4e15-a00f-ba983b3f7057",
    "isActive": true,
    "createdAt": "2025-10-17T13:17:40.872Z",
    "updatedAt": "2025-10-17T13:17:40.872Z"
  },
  {
    "id": "b8b28208-60bd-4d5d-804b-fdeb4b460323",
    "name": "Frontend Team",
    "description": "Frontend development team",
    "managerId": "d84d8da4-1371-44da-b7be-f9d24991459c",
    "isActive": true,
    "createdAt": "2025-10-17T13:22:08.182Z",
    "updatedAt": "2025-10-17T13:22:08.182Z"
  },
  {
    "id": "53d39cf3-8133-4352-b309-2abaec680662",
    "name": "Backend Team",
    "description": "Backend development team",
    "managerId": "d84d8da4-1371-44da-b7be-f9d24991459c",
    "isActive": true,
    "createdAt": "2025-10-17T13:22:08.183Z",
    "updatedAt": "2025-10-17T13:22:08.183Z"
  },
  {
    "id": "1074b54f-ec9b-4e5f-b1be-3d1b7c4e7819",
    "name": "Frontend Team",
    "description": "Frontend development team",
    "managerId": "09769f00-1daa-461f-9432-bf44dadb74cf",
    "isActive": true,
    "createdAt": "2025-10-17T13:24:59.948Z",
    "updatedAt": "2025-10-17T13:24:59.948Z"
  },
  {
    "id": "efe2a5e7-433f-49df-8c08-46a643fa922f",
    "name": "Backend Team",
    "description": "Backend development team",
    "managerId": "09769f00-1daa-461f-9432-bf44dadb74cf",
    "isActive": true,
    "createdAt": "2025-10-17T13:24:59.950Z",
    "updatedAt": "2025-10-17T13:24:59.950Z"
  },
  {
    "id": "012ae0e4-ff83-4054-b2c3-a2d73c7b58c5",
    "name": "Frontend Team",
    "description": "Frontend development team",
    "managerId": "b05c8010-9aae-41f7-bdac-3ab7d0a948f5",
    "isActive": true,
    "createdAt": "2025-10-17T13:26:38.944Z",
    "updatedAt": "2025-10-17T13:26:38.944Z"
  },
  {
    "id": "d1cd64c6-0b99-47ea-bfb8-34a29a1f9045",
    "name": "Backend Team",
    "description": "Backend development team",
    "managerId": "b05c8010-9aae-41f7-bdac-3ab7d0a948f5",
    "isActive": true,
    "createdAt": "2025-10-17T13:26:38.945Z",
    "updatedAt": "2025-10-17T13:26:38.945Z"
  },
  {
    "id": "1e498f8e-fca7-48a6-9734-c4bebdfe01ff",
    "name": "Frontend Team",
    "description": "Frontend development team",
    "managerId": "ad9dcdc7-581a-40b1-a3b1-07401d444651",
    "isActive": true,
    "createdAt": "2025-10-17T13:28:18.856Z",
    "updatedAt": "2025-10-17T13:28:18.856Z"
  },
  {
    "id": "a17979b5-5567-4219-aabd-34ccaa485bbb",
    "name": "Backend Team",
    "description": "Backend development team",
    "managerId": "ad9dcdc7-581a-40b1-a3b1-07401d444651",
    "isActive": true,
    "createdAt": "2025-10-17T13:28:18.856Z",
    "updatedAt": "2025-10-17T13:28:18.856Z"
  },
  {
    "id": "bb3aad74-9118-41f3-9812-6130153ff706",
    "name": "Frontend Team",
    "description": "Frontend development team",
    "managerId": "8c152576-d938-48d1-98b7-2d37232f8849",
    "isActive": true,
    "createdAt": "2025-10-17T13:30:05.830Z",
    "updatedAt": "2025-10-17T13:30:05.830Z"
  },
  {
    "id": "f0edfc23-267b-4164-a50b-ecc241521bea",
    "name": "Backend Team",
    "description": "Backend development team",
    "managerId": "8c152576-d938-48d1-98b7-2d37232f8849",
    "isActive": true,
    "createdAt": "2025-10-17T13:30:05.831Z",
    "updatedAt": "2025-10-17T13:30:05.831Z"
  },
  {
    "id": "65b2df03-9993-4018-af59-bb019bc907e6",
    "name": "Frontend Team",
    "description": "Frontend development team",
    "managerId": "490e7e66-3da8-4ff5-bb04-7f90a2746edf",
    "isActive": true,
    "createdAt": "2025-10-17T13:32:07.070Z",
    "updatedAt": "2025-10-17T13:32:07.070Z"
  },
  {
    "id": "c50d4731-7ff0-4602-9e0f-8bdf7d2f2d80",
    "name": "Backend Team",
    "description": "Backend development team",
    "managerId": "490e7e66-3da8-4ff5-bb04-7f90a2746edf",
    "isActive": true,
    "createdAt": "2025-10-17T13:32:07.071Z",
    "updatedAt": "2025-10-17T13:32:07.071Z"
  },
  {
    "id": "aa390ce7-f35b-4c27-94b7-775688302fae",
    "name": "Frontend Team",
    "description": "Frontend development team",
    "managerId": "2fb41299-7b88-4eb5-9e9f-282f76587efc",
    "isActive": true,
    "createdAt": "2025-10-17T13:35:20.689Z",
    "updatedAt": "2025-10-17T13:35:20.689Z"
  },
  {
    "id": "a4ad01ce-0755-44d9-8808-e6ba8c3b9ddd",
    "name": "Backend Team",
    "description": "Backend development team",
    "managerId": "2fb41299-7b88-4eb5-9e9f-282f76587efc",
    "isActive": true,
    "createdAt": "2025-10-17T13:35:20.690Z",
    "updatedAt": "2025-10-17T13:35:20.690Z"
  },
  {
    "id": "05751d08-c063-491d-8462-e95a5fcab13e",
    "name": "Frontend Team",
    "description": "Frontend development team",
    "managerId": "e9f10a89-6118-4904-9376-e25f6de105be",
    "isActive": true,
    "createdAt": "2025-10-17T13:36:02.621Z",
    "updatedAt": "2025-10-17T13:36:02.621Z"
  },
  {
    "id": "a817144f-c085-483f-a443-a5ac13aa9255",
    "name": "Backend Team",
    "description": "Backend development team",
    "managerId": "e9f10a89-6118-4904-9376-e25f6de105be",
    "isActive": true,
    "createdAt": "2025-10-17T13:36:02.621Z",
    "updatedAt": "2025-10-17T13:36:02.621Z"
  }
]