[
  {
    "id": "ts-001-morning",
    "userId": "0af2f525-f64f-4541-be87-c159daffe2a1",
    "shiftId": "205207f1-6b54-4108-a2c4-ede01110a421",
    "workDate": "2025-10-16",
    "clockIn": "2025-10-16T09:00:00.000Z",
    "clockOut": "2025-10-16T17:30:00.000Z",
    "breakDuration": 60,
    "regularHours": 8,
    "overtimeHours": 0.5,
    "status": "approved",
    "approvedBy": "73e0d3b5-67a5-4f5c-b81f-7501f6a83944",
    "approvedAt": "2025-10-17T07:00:00.000Z",
    "notes": "Completed all assigned tasks ahead of schedule",
    "createdAt": "2025-10-16T17:35:00.000Z",
    "updatedAt": "2025-10-17T07:00:00.000Z"
  },
  {
    "id": "ts-002-evening",
    "userId": "a38cbb32-dd11-4129-b112-628146b3117c",
    "shiftId": "38206bb4-5746-4565-9b78-0ed10e917976",
    "workDate": "2025-10-16",
    "clockIn": "2025-10-16T17:00:00.000Z",
    "clockOut": "2025-10-17T01:15:00.000Z",
    "breakDuration": 45,
    "regularHours": 8,
    "overtimeHours": 0.25,
    "status": "approved",
    "approvedBy": "73e0d3b5-67a5-4f5c-b81f-7501f6a83944",
    "approvedAt": "2025-10-17T07:30:00.000Z",
    "notes": "Handled additional customer requests during shift",
    "createdAt": "2025-10-17T01:20:00.000Z",
    "updatedAt": "2025-10-17T07:30:00.000Z"
  },
  {
    "id": "ts-003-morning",
    "userId": "0af2f525-f64f-4541-be87-c159daffe2a1",
    "shiftId": "489b9b78-b4da-4dd0-bdfe-9c15917e626e",
    "workDate": "2025-10-17",
    "clockIn": "2025-10-17T09:00:00.000Z",
    "clockOut": "2025-10-17T17:15:00.000Z",
    "breakDuration": 60,
    "regularHours": 8,
    "overtimeHours": 0.25,
    "status": "pending",
    "approvedBy": null,
    "approvedAt": null,
    "notes": "Standard morning shift with minor overtime",
    "createdAt": "2025-10-17T17:20:00.000Z",
    "updatedAt": "2025-10-17T17:20:00.000Z"
  },
  {
    "id": "ts-004-evening",
    "userId": "a38cbb32-dd11-4129-b112-628146b3117c",
    "shiftId": "7e8ba78c-fb73-4b20-8665-fe776b4e656e",
    "workDate": "2025-10-17",
    "clockIn": "2025-10-17T17:00:00.000Z",
    "clockOut": "2025-10-18T01:00:00.000Z",
    "breakDuration": 45,
    "regularHours": 8,
    "overtimeHours": 0,
    "status": "submitted",
    "approvedBy": null,
    "approvedAt": null,
    "notes": "Completed all evening responsibilities",
    "createdAt": "2025-10-18T01:05:00.000Z",
    "updatedAt": "2025-10-18T01:05:00.000Z"
  },
  {
    "id": "ts-005-morning",
    "userId": "0af2f525-f64f-4541-be87-c159daffe2a1",
    "shiftId": "5f18670e-5bae-495f-94b6-a02131a8c81b",
    "workDate": "2025-10-18",
    "clockIn": "2025-10-18T08:55:00.000Z",
    "clockOut": "2025-10-18T17:00:00.000Z",
    "breakDuration": 60,
    "regularHours": 8,
    "overtimeHours": 0,
    "status": "rejected",
    "approvedBy": "73e0d3b5-67a5-4f5c-b81f-7501f6a83944",
    "approvedAt": "2025-10-18T09:00:00.000Z",
    "notes": "Please provide more detailed work description",
    "rejectionReason": "Insufficient details in timesheet notes",
    "createdAt": "2025-10-18T17:05:00.000Z",
    "updatedAt": "2025-10-18T09:00:00.000Z"
  },
  {
    "id": "ts-006-evening",
    "userId": "a38cbb32-dd11-4129-b112-628146b3117c",
    "shiftId": "c29665ad-9df9-4e64-bd6b-f565a2dbb7cc",
    "workDate": "2025-10-18",
    "clockIn": "2025-10-18T17:00:00.000Z",
    "clockOut": "2025-10-19T01:30:00.000Z",
    "breakDuration": 45,
    "regularHours": 8,
    "overtimeHours": 0.5,
    "status": "approved",
    "approvedBy": "73e0d3b5-67a5-4f5c-b81f-7501f6a83944",
    "approvedAt": "2025-10-19T08:00:00.000Z",
    "notes": "Worked late to complete urgent project",
    "createdAt": "2025-10-19T01:35:00.000Z",
    "updatedAt": "2025-10-19T08:00:00.000Z"
  },
  {
    "id": "ts-007-morning",
    "userId": "0af2f525-f64f-4541-be87-c159daffe2a1",
    "shiftId": "4474dc6b-ceb7-494f-a5ab-ab4c4b03c0fd",
    "workDate": "2025-10-19",
    "clockIn": "2025-10-19T09:00:00.000Z",
    "clockOut": "2025-10-19T17:30:00.000Z",
    "breakDuration": 60,
    "regularHours": 8,
    "overtimeHours": 0.5,
    "status": "approved",
    "approvedBy": "73e0d3b5-67a5-4f5c-b81f-7501f6a83944",
    "approvedAt": "2025-10-20T07:15:00.000Z",
    "notes": "Assisted with team training during shift",
    "createdAt": "2025-10-19T17:35:00.000Z",
    "updatedAt": "2025-10-20T07:15:00.000Z"
  },
  {
    "id": "ts-008-evening",
    "userId": "a38cbb32-dd11-4129-b112-628146b3117c",
    "shiftId": "9158b552-fb1c-40fb-b6b4-0422b3723c81",
    "workDate": "2025-10-19",
    "clockIn": "2025-10-19T17:00:00.000Z",
    "clockOut": "2025-10-20T01:00:00.000Z",
    "breakDuration": 45,
    "regularHours": 8,
    "overtimeHours": 0,
    "status": "pending",
    "approvedBy": null,
    "approvedAt": null,
    "notes": "Regular evening shift",
    "createdAt": "2025-10-20T01:05:00.000Z",
    "updatedAt": "2025-10-20T01:05:00.000Z"
  },
  {
    "id": "ts-009-morning",
    "userId": "0af2f525-f64f-4541-be87-c159daffe2a1",
    "shiftId": "6dd278a5-1e1a-4d92-a7b5-1322acb8c1cc",
    "workDate": "2025-10-20",
    "clockIn": "2025-10-20T09:00:00.000Z",
    "clockOut": "2025-10-20T17:00:00.000Z",
    "breakDuration": 60,
    "regularHours": 8,
    "overtimeHours": 0,
    "status": "approved",
    "approvedBy": "73e0d3b5-67a5-4f5c-b81f-7501f6a83944",
    "approvedAt": "2025-10-21T07:30:00.000Z",
    "notes": "Productive shift with all tasks completed",
    "createdAt": "2025-10-20T17:05:00.000Z",
    "updatedAt": "2025-10-21T07:30:00.000Z"
  },
  {
    "id": "ts-010-evening",
    "userId": "a38cbb32-dd11-4129-b112-628146b3117c",
    "shiftId": "e63c52fb-8bc2-48bc-8120-5f8c9bf68266",
    "workDate": "2025-10-20",
    "clockIn": "2025-10-20T17:00:00.000Z",
    "clockOut": "2025-10-21T01:15:00.000Z",
    "breakDuration": 45,
    "regularHours": 8,
    "overtimeHours": 0.25,
    "status": "submitted",
    "approvedBy": null,
    "approvedAt": null,
    "notes": "Stayed late to help with system maintenance",
    "createdAt": "2025-10-21T01:20:00.000Z",
    "updatedAt": "2025-10-21T01:20:00.000Z"
  },
  {
    "id": "1223dc6b-3d7c-453e-9386-3f91039827fc",
    "userId": "0af2f525-f64f-4541-be87-c159daffe2a1",
    "shiftId": "489b9b78-b4da-4dd0-bdfe-9c15917e626e",
    "workDate": "2025-10-17",
    "clockIn": "2025-11-01T08:00",
    "clockOut": "2025-10-20T08:57",
    "breakDuration": 10,
    "regularHours": -287.22,
    "overtimeHours": 0,
    "status": "submitted",
    "notes": "test",
    "createdAt": "2025-10-17T13:57:32.152Z",
    "updatedAt": "2025-10-17T13:57:32.152Z"
  }
]